ISO-10303-21;
HEADER;
FILE_DESCRIPTION(('FreeCAD Model'),'2;1');
FILE_NAME('Open CASCADE Shape Model','2026-08-11T06:55:55',('Author'),(
    ''),'Open CASCADE STEP processor 7.8','FreeCAD','Unknown');
FILE_SCHEMA(('AUTOMOTIVE_DESIGN { 1 0 10303 214 1 1 1 1 }'));
ENDSEC;
DATA;
#1 = APPLICATION_PROTOCOL_DEFINITION('international standard',
  'automotive_design',2000,#2);
#2 = APPLICATION_CONTEXT(
  'core data for automotive mechanical design processes');
#3 = SHAPE_DEFINITION_REPRESENTATION(#4,#10);
#4 = PRODUCT_DEFINITION_SHAPE('','',#5);
#5 = PRODUCT_DEFINITION('design','',#6,#9);
#6 = PRODUCT_DEFINITION_FORMATION('','',#7);
#7 = PRODUCT('PanelSet','PanelSet','',(#8));
#8 = PRODUCT_CONTEXT('',#2,'mechanical');
#9 = PRODUCT_DEFINITION_CONTEXT('part definition',#2,'design');
#10 = ADVANCED_BREP_SHAPE_REPRESENTATION('',(#11,#15),#3323);
#11 = AXIS2_PLACEMENT_3D('',#12,#13,#14);
#12 = CARTESIAN_POINT('',(0.,0.,0.));
#13 = DIRECTION('',(0.,0.,1.));
#14 = DIRECTION('',(1.,0.,-0.));
#15 = MANIFOLD_SOLID_BREP('',#16);
#16 = CLOSED_SHELL('',(#17,#57,#90,#123,#944,#1657,#1674,#1691,#1708,
    #1725,#1737,#1762,#1779,#1796,#1818,#1835,#1852,#1869,#1886,#1903,
    #1920,#1932,#1954,#1971,#1988,#2000,#2022,#2039,#2056,#2068,#2090,
    #2107,#2124,#2136,#2168,#2192,#2217,#2234,#2256,#2273,#2290,#2302,
    #2319,#2336,#2353,#2370,#2387,#2404,#2421,#2438,#2463,#2480,#2497,
    #2514,#2531,#2563,#2587,#2612,#2629,#2646,#2663,#2680,#2702,#2719,
    #2736,#2753,#2770,#2787,#2804,#2816,#2838,#2855,#2872,#2889,#2906,
    #2923,#2940,#2952,#2977,#2994,#3011,#3028,#3045,#3077,#3101,#3126,
    #3143,#3160,#3177,#3194,#3219,#3236,#3253,#3270,#3287,#3299,#3311));
#17 = ADVANCED_FACE('',(#18),#52,.F.);
#18 = FACE_BOUND('',#19,.F.);
#19 = EDGE_LOOP('',(#20,#30,#38,#46));
#20 = ORIENTED_EDGE('',*,*,#21,.T.);
#21 = EDGE_CURVE('',#22,#24,#26,.T.);
#22 = VERTEX_POINT('',#23);
#23 = CARTESIAN_POINT('',(4.,0.,0.));
#24 = VERTEX_POINT('',#25);
#25 = CARTESIAN_POINT('',(4.,0.,3.));
#26 = LINE('',#27,#28);
#27 = CARTESIAN_POINT('',(4.,0.,0.));
#28 = VECTOR('',#29,1.);
#29 = DIRECTION('',(0.,0.,1.));
#30 = ORIENTED_EDGE('',*,*,#31,.T.);
#31 = EDGE_CURVE('',#24,#32,#34,.T.);
#32 = VERTEX_POINT('',#33);
#33 = CARTESIAN_POINT('',(148.,0.,3.));
#34 = LINE('',#35,#36);
#35 = CARTESIAN_POINT('',(4.,0.,3.));
#36 = VECTOR('',#37,1.);
#37 = DIRECTION('',(1.,0.,0.));
#38 = ORIENTED_EDGE('',*,*,#39,.F.);
#39 = EDGE_CURVE('',#40,#32,#42,.T.);
#40 = VERTEX_POINT('',#41);
#41 = CARTESIAN_POINT('',(148.,0.,0.));
#42 = LINE('',#43,#44);
#43 = CARTESIAN_POINT('',(148.,0.,0.));
#44 = VECTOR('',#45,1.);
#45 = DIRECTION('',(0.,0.,1.));
#46 = ORIENTED_EDGE('',*,*,#47,.F.);
#47 = EDGE_CURVE('',#22,#40,#48,.T.);
#48 = LINE('',#49,#50);
#49 = CARTESIAN_POINT('',(4.,0.,0.));
#50 = VECTOR('',#51,1.);
#51 = DIRECTION('',(1.,0.,0.));
#52 = PLANE('',#53);
#53 = AXIS2_PLACEMENT_3D('',#54,#55,#56);
#54 = CARTESIAN_POINT('',(4.,0.,0.));
#55 = DIRECTION('',(0.,1.,0.));
#56 = DIRECTION('',(1.,0.,0.));
#57 = ADVANCED_FACE('',(#58),#85,.T.);
#58 = FACE_BOUND('',#59,.F.);
#59 = EDGE_LOOP('',(#60,#70,#77,#78));
#60 = ORIENTED_EDGE('',*,*,#61,.T.);
#61 = EDGE_CURVE('',#62,#64,#66,.T.);
#62 = VERTEX_POINT('',#63);
#63 = CARTESIAN_POINT('',(0.,4.,0.));
#64 = VERTEX_POINT('',#65);
#65 = CARTESIAN_POINT('',(0.,4.,3.));
#66 = LINE('',#67,#68);
#67 = CARTESIAN_POINT('',(0.,4.,0.));
#68 = VECTOR('',#69,1.);
#69 = DIRECTION('',(0.,0.,1.));
#70 = ORIENTED_EDGE('',*,*,#71,.T.);
#71 = EDGE_CURVE('',#64,#24,#72,.T.);
#72 = CIRCLE('',#73,4.);
#73 = AXIS2_PLACEMENT_3D('',#74,#75,#76);
#74 = CARTESIAN_POINT('',(4.,4.,3.));
#75 = DIRECTION('',(0.,0.,1.));
#76 = DIRECTION('',(1.,0.,0.));
#77 = ORIENTED_EDGE('',*,*,#21,.F.);
#78 = ORIENTED_EDGE('',*,*,#79,.F.);
#79 = EDGE_CURVE('',#62,#22,#80,.T.);
#80 = CIRCLE('',#81,4.);
#81 = AXIS2_PLACEMENT_3D('',#82,#83,#84);
#82 = CARTESIAN_POINT('',(4.,4.,0.));
#83 = DIRECTION('',(0.,0.,1.));
#84 = DIRECTION('',(1.,0.,0.));
#85 = CYLINDRICAL_SURFACE('',#86,4.);
#86 = AXIS2_PLACEMENT_3D('',#87,#88,#89);
#87 = CARTESIAN_POINT('',(4.,4.,0.));
#88 = DIRECTION('',(-0.,-0.,-1.));
#89 = DIRECTION('',(1.,0.,0.));
#90 = ADVANCED_FACE('',(#91),#118,.T.);
#91 = FACE_BOUND('',#92,.F.);
#92 = EDGE_LOOP('',(#93,#94,#103,#111));
#93 = ORIENTED_EDGE('',*,*,#39,.T.);
#94 = ORIENTED_EDGE('',*,*,#95,.T.);
#95 = EDGE_CURVE('',#32,#96,#98,.T.);
#96 = VERTEX_POINT('',#97);
#97 = CARTESIAN_POINT('',(152.,4.,3.));
#98 = CIRCLE('',#99,4.);
#99 = AXIS2_PLACEMENT_3D('',#100,#101,#102);
#100 = CARTESIAN_POINT('',(148.,4.,3.));
#101 = DIRECTION('',(0.,0.,1.));
#102 = DIRECTION('',(1.,0.,0.));
#103 = ORIENTED_EDGE('',*,*,#104,.F.);
#104 = EDGE_CURVE('',#105,#96,#107,.T.);
#105 = VERTEX_POINT('',#106);
#106 = CARTESIAN_POINT('',(152.,4.,0.));
#107 = LINE('',#108,#109);
#108 = CARTESIAN_POINT('',(152.,4.,0.));
#109 = VECTOR('',#110,1.);
#110 = DIRECTION('',(0.,0.,1.));
#111 = ORIENTED_EDGE('',*,*,#112,.F.);
#112 = EDGE_CURVE('',#40,#105,#113,.T.);
#113 = CIRCLE('',#114,4.);
#114 = AXIS2_PLACEMENT_3D('',#115,#116,#117);
#115 = CARTESIAN_POINT('',(148.,4.,0.));
#116 = DIRECTION('',(0.,0.,1.));
#117 = DIRECTION('',(1.,0.,0.));
#118 = CYLINDRICAL_SURFACE('',#119,4.);
#119 = AXIS2_PLACEMENT_3D('',#120,#121,#122);
#120 = CARTESIAN_POINT('',(148.,4.,0.));
#121 = DIRECTION('',(-0.,-0.,-1.));
#122 = DIRECTION('',(1.,0.,0.));
#123 = ADVANCED_FACE('',(#124,#169,#180,#191,#202,#272,#308,#344,#380,
    #416,#452,#463,#474,#485,#496,#507,#518,#529,#540,#551,#562,#573,
    #584,#595,#631,#642,#653,#664,#734,#804,#815,#826,#837,#848,#859,
    #895,#906,#917,#928),#939,.F.);
#124 = FACE_BOUND('',#125,.F.);
#125 = EDGE_LOOP('',(#126,#127,#128,#136,#145,#153,#162,#168));
#126 = ORIENTED_EDGE('',*,*,#47,.T.);
#127 = ORIENTED_EDGE('',*,*,#112,.T.);
#128 = ORIENTED_EDGE('',*,*,#129,.T.);
#129 = EDGE_CURVE('',#105,#130,#132,.T.);
#130 = VERTEX_POINT('',#131);
#131 = CARTESIAN_POINT('',(152.,80.,0.));
#132 = LINE('',#133,#134);
#133 = CARTESIAN_POINT('',(152.,4.,0.));
#134 = VECTOR('',#135,1.);
#135 = DIRECTION('',(0.,1.,0.));
#136 = ORIENTED_EDGE('',*,*,#137,.T.);
#137 = EDGE_CURVE('',#130,#138,#140,.T.);
#138 = VERTEX_POINT('',#139);
#139 = CARTESIAN_POINT('',(148.,84.,0.));
#140 = CIRCLE('',#141,4.);
#141 = AXIS2_PLACEMENT_3D('',#142,#143,#144);
#142 = CARTESIAN_POINT('',(148.,80.,0.));
#143 = DIRECTION('',(0.,0.,1.));
#144 = DIRECTION('',(1.,0.,0.));
#145 = ORIENTED_EDGE('',*,*,#146,.T.);
#146 = EDGE_CURVE('',#138,#147,#149,.T.);
#147 = VERTEX_POINT('',#148);
#148 = CARTESIAN_POINT('',(4.,84.,0.));
#149 = LINE('',#150,#151);
#150 = CARTESIAN_POINT('',(148.,84.,0.));
#151 = VECTOR('',#152,1.);
#152 = DIRECTION('',(-1.,0.,0.));
#153 = ORIENTED_EDGE('',*,*,#154,.T.);
#154 = EDGE_CURVE('',#147,#155,#157,.T.);
#155 = VERTEX_POINT('',#156);
#156 = CARTESIAN_POINT('',(0.,80.,0.));
#157 = CIRCLE('',#158,4.);
#158 = AXIS2_PLACEMENT_3D('',#159,#160,#161);
#159 = CARTESIAN_POINT('',(4.,80.,0.));
#160 = DIRECTION('',(0.,0.,1.));
#161 = DIRECTION('',(1.,0.,0.));
#162 = ORIENTED_EDGE('',*,*,#163,.T.);
#163 = EDGE_CURVE('',#155,#62,#164,.T.);
#164 = LINE('',#165,#166);
#165 = CARTESIAN_POINT('',(0.,80.,0.));
#166 = VECTOR('',#167,1.);
#167 = DIRECTION('',(0.,-1.,0.));
#168 = ORIENTED_EDGE('',*,*,#79,.T.);
#169 = FACE_BOUND('',#170,.F.);
#170 = EDGE_LOOP('',(#171));
#171 = ORIENTED_EDGE('',*,*,#172,.T.);
#172 = EDGE_CURVE('',#173,#173,#175,.T.);
#173 = VERTEX_POINT('',#174);
#174 = CARTESIAN_POINT('',(6.7,5.,0.));
#175 = CIRCLE('',#176,1.7);
#176 = AXIS2_PLACEMENT_3D('',#177,#178,#179);
#177 = CARTESIAN_POINT('',(5.,5.,0.));
#178 = DIRECTION('',(0.,0.,-1.));
#179 = DIRECTION('',(1.,0.,0.));
#180 = FACE_BOUND('',#181,.F.);
#181 = EDGE_LOOP('',(#182));
#182 = ORIENTED_EDGE('',*,*,#183,.F.);
#183 = EDGE_CURVE('',#184,#184,#186,.T.);
#184 = VERTEX_POINT('',#185);
#185 = CARTESIAN_POINT('',(14.6,6.,0.));
#186 = CIRCLE('',#187,1.6);
#187 = AXIS2_PLACEMENT_3D('',#188,#189,#190);
#188 = CARTESIAN_POINT('',(13.,6.,0.));
#189 = DIRECTION('',(0.,0.,1.));
#190 = DIRECTION('',(1.,0.,0.));
#191 = FACE_BOUND('',#192,.F.);
#192 = EDGE_LOOP('',(#193));
#193 = ORIENTED_EDGE('',*,*,#194,.F.);
#194 = EDGE_CURVE('',#195,#195,#197,.T.);
#195 = VERTEX_POINT('',#196);
#196 = CARTESIAN_POINT('',(28.6,6.,0.));
#197 = CIRCLE('',#198,1.6);
#198 = AXIS2_PLACEMENT_3D('',#199,#200,#201);
#199 = CARTESIAN_POINT('',(27.,6.,0.));
#200 = DIRECTION('',(0.,0.,1.));
#201 = DIRECTION('',(1.,0.,0.));
#202 = FACE_BOUND('',#203,.F.);
#203 = EDGE_LOOP('',(#204,#214,#223,#231,#240,#248,#257,#265));
#204 = ORIENTED_EDGE('',*,*,#205,.F.);
#205 = EDGE_CURVE('',#206,#208,#210,.T.);
#206 = VERTEX_POINT('',#207);
#207 = CARTESIAN_POINT('',(12.,23.,0.));
#208 = VERTEX_POINT('',#209);
#209 = CARTESIAN_POINT('',(12.,11.,0.));
#210 = LINE('',#211,#212);
#211 = CARTESIAN_POINT('',(12.,32.5,0.));
#212 = VECTOR('',#213,1.);
#213 = DIRECTION('',(0.,-1.,0.));
#214 = ORIENTED_EDGE('',*,*,#215,.F.);
#215 = EDGE_CURVE('',#216,#206,#218,.T.);
#216 = VERTEX_POINT('',#217);
#217 = CARTESIAN_POINT('',(13.,24.,0.));
#218 = CIRCLE('',#219,1.);
#219 = AXIS2_PLACEMENT_3D('',#220,#221,#222);
#220 = CARTESIAN_POINT('',(13.,23.,0.));
#221 = DIRECTION('',(0.,0.,1.));
#222 = DIRECTION('',(1.,0.,0.));
#223 = ORIENTED_EDGE('',*,*,#224,.F.);
#224 = EDGE_CURVE('',#225,#216,#227,.T.);
#225 = VERTEX_POINT('',#226);
#226 = CARTESIAN_POINT('',(27.,24.,0.));
#227 = LINE('',#228,#229);
#228 = CARTESIAN_POINT('',(51.5,24.,0.));
#229 = VECTOR('',#230,1.);
#230 = DIRECTION('',(-1.,0.,0.));
#231 = ORIENTED_EDGE('',*,*,#232,.F.);
#232 = EDGE_CURVE('',#233,#225,#235,.T.);
#233 = VERTEX_POINT('',#234);
#234 = CARTESIAN_POINT('',(28.,23.,0.));
#235 = CIRCLE('',#236,1.);
#236 = AXIS2_PLACEMENT_3D('',#237,#238,#239);
#237 = CARTESIAN_POINT('',(27.,23.,0.));
#238 = DIRECTION('',(0.,0.,1.));
#239 = DIRECTION('',(1.,0.,0.));
#240 = ORIENTED_EDGE('',*,*,#241,.F.);
#241 = EDGE_CURVE('',#242,#233,#244,.T.);
#242 = VERTEX_POINT('',#243);
#243 = CARTESIAN_POINT('',(28.,11.,0.));
#244 = LINE('',#245,#246);
#245 = CARTESIAN_POINT('',(28.,26.5,0.));
#246 = VECTOR('',#247,1.);
#247 = DIRECTION('',(0.,1.,0.));
#248 = ORIENTED_EDGE('',*,*,#249,.F.);
#249 = EDGE_CURVE('',#250,#242,#252,.T.);
#250 = VERTEX_POINT('',#251);
#251 = CARTESIAN_POINT('',(27.,10.,0.));
#252 = CIRCLE('',#253,1.);
#253 = AXIS2_PLACEMENT_3D('',#254,#255,#256);
#254 = CARTESIAN_POINT('',(27.,11.,0.));
#255 = DIRECTION('',(0.,0.,1.));
#256 = DIRECTION('',(1.,0.,0.));
#257 = ORIENTED_EDGE('',*,*,#258,.F.);
#258 = EDGE_CURVE('',#259,#250,#261,.T.);
#259 = VERTEX_POINT('',#260);
#260 = CARTESIAN_POINT('',(13.,10.,0.));
#261 = LINE('',#262,#263);
#262 = CARTESIAN_POINT('',(44.5,10.,0.));
#263 = VECTOR('',#264,1.);
#264 = DIRECTION('',(1.,0.,0.));
#265 = ORIENTED_EDGE('',*,*,#266,.F.);
#266 = EDGE_CURVE('',#208,#259,#267,.T.);
#267 = CIRCLE('',#268,1.);
#268 = AXIS2_PLACEMENT_3D('',#269,#270,#271);
#269 = CARTESIAN_POINT('',(13.,11.,0.));
#270 = DIRECTION('',(0.,0.,1.));
#271 = DIRECTION('',(1.,0.,0.));
#272 = FACE_BOUND('',#273,.F.);
#273 = EDGE_LOOP('',(#274,#285,#293,#302));
#274 = ORIENTED_EDGE('',*,*,#275,.F.);
#275 = EDGE_CURVE('',#276,#278,#280,.T.);
#276 = VERTEX_POINT('',#277);
#277 = CARTESIAN_POINT('',(51.,12.4,0.));
#278 = VERTEX_POINT('',#279);
#279 = CARTESIAN_POINT('',(51.,11.6,0.));
#280 = CIRCLE('',#281,0.4);
#281 = AXIS2_PLACEMENT_3D('',#282,#283,#284);
#282 = CARTESIAN_POINT('',(51.,12.,0.));
#283 = DIRECTION('',(0.,0.,1.));
#284 = DIRECTION('',(1.,0.,0.));
#285 = ORIENTED_EDGE('',*,*,#286,.T.);
#286 = EDGE_CURVE('',#276,#287,#289,.T.);
#287 = VERTEX_POINT('',#288);
#288 = CARTESIAN_POINT('',(54.,12.4,0.));
#289 = LINE('',#290,#291);
#290 = CARTESIAN_POINT('',(63.5,12.4,0.));
#291 = VECTOR('',#292,1.);
#292 = DIRECTION('',(1.,0.,0.));
#293 = ORIENTED_EDGE('',*,*,#294,.F.);
#294 = EDGE_CURVE('',#295,#287,#297,.T.);
#295 = VERTEX_POINT('',#296);
#296 = CARTESIAN_POINT('',(54.,11.6,0.));
#297 = CIRCLE('',#298,0.4);
#298 = AXIS2_PLACEMENT_3D('',#299,#300,#301);
#299 = CARTESIAN_POINT('',(54.,12.,0.));
#300 = DIRECTION('',(0.,0.,1.));
#301 = DIRECTION('',(1.,0.,0.));
#302 = ORIENTED_EDGE('',*,*,#303,.F.);
#303 = EDGE_CURVE('',#278,#295,#304,.T.);
#304 = LINE('',#305,#306);
#305 = CARTESIAN_POINT('',(63.5,11.6,0.));
#306 = VECTOR('',#307,1.);
#307 = DIRECTION('',(1.,0.,0.));
#308 = FACE_BOUND('',#309,.F.);
#309 = EDGE_LOOP('',(#310,#321,#329,#338));
#310 = ORIENTED_EDGE('',*,*,#311,.F.);
#311 = EDGE_CURVE('',#312,#314,#316,.T.);
#312 = VERTEX_POINT('',#313);
#313 = CARTESIAN_POINT('',(53.5,10.4,0.));
#314 = VERTEX_POINT('',#315);
#315 = CARTESIAN_POINT('',(53.5,9.6,0.));
#316 = CIRCLE('',#317,0.4);
#317 = AXIS2_PLACEMENT_3D('',#318,#319,#320);
#318 = CARTESIAN_POINT('',(53.5,10.,0.));
#319 = DIRECTION('',(0.,0.,1.));
#320 = DIRECTION('',(1.,0.,0.));
#321 = ORIENTED_EDGE('',*,*,#322,.T.);
#322 = EDGE_CURVE('',#312,#323,#325,.T.);
#323 = VERTEX_POINT('',#324);
#324 = CARTESIAN_POINT('',(56.5,10.4,0.));
#325 = LINE('',#326,#327);
#326 = CARTESIAN_POINT('',(64.75,10.4,0.));
#327 = VECTOR('',#328,1.);
#328 = DIRECTION('',(1.,0.,0.));
#329 = ORIENTED_EDGE('',*,*,#330,.F.);
#330 = EDGE_CURVE('',#331,#323,#333,.T.);
#331 = VERTEX_POINT('',#332);
#332 = CARTESIAN_POINT('',(56.5,9.6,0.));
#333 = CIRCLE('',#334,0.4);
#334 = AXIS2_PLACEMENT_3D('',#335,#336,#337);
#335 = CARTESIAN_POINT('',(56.5,10.,0.));
#336 = DIRECTION('',(0.,0.,1.));
#337 = DIRECTION('',(1.,0.,0.));
#338 = ORIENTED_EDGE('',*,*,#339,.F.);
#339 = EDGE_CURVE('',#314,#331,#340,.T.);
#340 = LINE('',#341,#342);
#341 = CARTESIAN_POINT('',(64.75,9.6,0.));
#342 = VECTOR('',#343,1.);
#343 = DIRECTION('',(1.,0.,0.));
#344 = FACE_BOUND('',#345,.F.);
#345 = EDGE_LOOP('',(#346,#357,#365,#374));
#346 = ORIENTED_EDGE('',*,*,#347,.F.);
#347 = EDGE_CURVE('',#348,#350,#352,.T.);
#348 = VERTEX_POINT('',#349);
#349 = CARTESIAN_POINT('',(56.,12.4,0.));
#350 = VERTEX_POINT('',#351);
#351 = CARTESIAN_POINT('',(56.,11.6,0.));
#352 = CIRCLE('',#353,0.4);
#353 = AXIS2_PLACEMENT_3D('',#354,#355,#356);
#354 = CARTESIAN_POINT('',(56.,12.,0.));
#355 = DIRECTION('',(0.,0.,1.));
#356 = DIRECTION('',(1.,0.,0.));
#357 = ORIENTED_EDGE('',*,*,#358,.T.);
#358 = EDGE_CURVE('',#348,#359,#361,.T.);
#359 = VERTEX_POINT('',#360);
#360 = CARTESIAN_POINT('',(59.,12.4,0.));
#361 = LINE('',#362,#363);
#362 = CARTESIAN_POINT('',(66.,12.4,0.));
#363 = VECTOR('',#364,1.);
#364 = DIRECTION('',(1.,0.,0.));
#365 = ORIENTED_EDGE('',*,*,#366,.F.);
#366 = EDGE_CURVE('',#367,#359,#369,.T.);
#367 = VERTEX_POINT('',#368);
#368 = CARTESIAN_POINT('',(59.,11.6,0.));
#369 = CIRCLE('',#370,0.4);
#370 = AXIS2_PLACEMENT_3D('',#371,#372,#373);
#371 = CARTESIAN_POINT('',(59.,12.,0.));
#372 = DIRECTION('',(0.,0.,1.));
#373 = DIRECTION('',(1.,0.,0.));
#374 = ORIENTED_EDGE('',*,*,#375,.F.);
#375 = EDGE_CURVE('',#350,#367,#376,.T.);
#376 = LINE('',#377,#378);
#377 = CARTESIAN_POINT('',(66.,11.6,0.));
#378 = VECTOR('',#379,1.);
#379 = DIRECTION('',(1.,0.,0.));
#380 = FACE_BOUND('',#381,.F.);
#381 = EDGE_LOOP('',(#382,#393,#401,#410));
#382 = ORIENTED_EDGE('',*,*,#383,.T.);
#383 = EDGE_CURVE('',#384,#386,#388,.T.);
#384 = VERTEX_POINT('',#385);
#385 = CARTESIAN_POINT('',(36.,2.2,0.));
#386 = VERTEX_POINT('',#387);
#387 = CARTESIAN_POINT('',(36.,4.2,0.));
#388 = CIRCLE('',#389,1.);
#389 = AXIS2_PLACEMENT_3D('',#390,#391,#392);
#390 = CARTESIAN_POINT('',(36.,3.2,0.));
#391 = DIRECTION('',(0.,0.,-1.));
#392 = DIRECTION('',(1.,0.,0.));
#393 = ORIENTED_EDGE('',*,*,#394,.T.);
#394 = EDGE_CURVE('',#386,#395,#397,.T.);
#395 = VERTEX_POINT('',#396);
#396 = CARTESIAN_POINT('',(116.,4.2,0.));
#397 = LINE('',#398,#399);
#398 = CARTESIAN_POINT('',(36.,4.2,0.));
#399 = VECTOR('',#400,1.);
#400 = DIRECTION('',(1.,0.,0.));
#401 = ORIENTED_EDGE('',*,*,#402,.T.);
#402 = EDGE_CURVE('',#395,#403,#405,.T.);
#403 = VERTEX_POINT('',#404);
#404 = CARTESIAN_POINT('',(116.,2.2,0.));
#405 = CIRCLE('',#406,1.);
#406 = AXIS2_PLACEMENT_3D('',#407,#408,#409);
#407 = CARTESIAN_POINT('',(116.,3.2,0.));
#408 = DIRECTION('',(0.,0.,-1.));
#409 = DIRECTION('',(1.,0.,0.));
#410 = ORIENTED_EDGE('',*,*,#411,.T.);
#411 = EDGE_CURVE('',#403,#384,#412,.T.);
#412 = LINE('',#413,#414);
#413 = CARTESIAN_POINT('',(116.,2.2,0.));
#414 = VECTOR('',#415,1.);
#415 = DIRECTION('',(-1.,0.,0.));
#416 = FACE_BOUND('',#417,.F.);
#417 = EDGE_LOOP('',(#418,#429,#437,#446));
#418 = ORIENTED_EDGE('',*,*,#419,.F.);
#419 = EDGE_CURVE('',#420,#422,#424,.T.);
#420 = VERTEX_POINT('',#421);
#421 = CARTESIAN_POINT('',(53.5,14.4,0.));
#422 = VERTEX_POINT('',#423);
#423 = CARTESIAN_POINT('',(53.5,13.6,0.));
#424 = CIRCLE('',#425,0.4);
#425 = AXIS2_PLACEMENT_3D('',#426,#427,#428);
#426 = CARTESIAN_POINT('',(53.5,14.,0.));
#427 = DIRECTION('',(0.,0.,1.));
#428 = DIRECTION('',(1.,0.,0.));
#429 = ORIENTED_EDGE('',*,*,#430,.T.);
#430 = EDGE_CURVE('',#420,#431,#433,.T.);
#431 = VERTEX_POINT('',#432);
#432 = CARTESIAN_POINT('',(56.5,14.4,0.));
#433 = LINE('',#434,#435);
#434 = CARTESIAN_POINT('',(64.75,14.4,0.));
#435 = VECTOR('',#436,1.);
#436 = DIRECTION('',(1.,0.,0.));
#437 = ORIENTED_EDGE('',*,*,#438,.F.);
#438 = EDGE_CURVE('',#439,#431,#441,.T.);
#439 = VERTEX_POINT('',#440);
#440 = CARTESIAN_POINT('',(56.5,13.6,0.));
#441 = CIRCLE('',#442,0.4);
#442 = AXIS2_PLACEMENT_3D('',#443,#444,#445);
#443 = CARTESIAN_POINT('',(56.5,14.,0.));
#444 = DIRECTION('',(0.,0.,1.));
#445 = DIRECTION('',(1.,0.,0.));
#446 = ORIENTED_EDGE('',*,*,#447,.F.);
#447 = EDGE_CURVE('',#422,#439,#448,.T.);
#448 = LINE('',#449,#450);
#449 = CARTESIAN_POINT('',(64.75,13.6,0.));
#450 = VECTOR('',#451,1.);
#451 = DIRECTION('',(1.,0.,0.));
#452 = FACE_BOUND('',#453,.F.);
#453 = EDGE_LOOP('',(#454));
#454 = ORIENTED_EDGE('',*,*,#455,.F.);
#455 = EDGE_CURVE('',#456,#456,#458,.T.);
#456 = VERTEX_POINT('',#457);
#457 = CARTESIAN_POINT('',(50.25,18.,0.));
#458 = CIRCLE('',#459,6.25);
#459 = AXIS2_PLACEMENT_3D('',#460,#461,#462);
#460 = CARTESIAN_POINT('',(44.,18.,0.));
#461 = DIRECTION('',(0.,0.,1.));
#462 = DIRECTION('',(1.,0.,0.));
#463 = FACE_BOUND('',#464,.F.);
#464 = EDGE_LOOP('',(#465));
#465 = ORIENTED_EDGE('',*,*,#466,.F.);
#466 = EDGE_CURVE('',#467,#467,#469,.T.);
#467 = VERTEX_POINT('',#468);
#468 = CARTESIAN_POINT('',(72.25,18.,0.));
#469 = CIRCLE('',#470,6.25);
#470 = AXIS2_PLACEMENT_3D('',#471,#472,#473);
#471 = CARTESIAN_POINT('',(66.,18.,0.));
#472 = DIRECTION('',(0.,0.,1.));
#473 = DIRECTION('',(1.,0.,0.));
#474 = FACE_BOUND('',#475,.F.);
#475 = EDGE_LOOP('',(#476));
#476 = ORIENTED_EDGE('',*,*,#477,.F.);
#477 = EDGE_CURVE('',#478,#478,#480,.T.);
#478 = VERTEX_POINT('',#479);
#479 = CARTESIAN_POINT('',(14.6,30.,0.));
#480 = CIRCLE('',#481,1.6);
#481 = AXIS2_PLACEMENT_3D('',#482,#483,#484);
#482 = CARTESIAN_POINT('',(13.,30.,0.));
#483 = DIRECTION('',(0.,0.,1.));
#484 = DIRECTION('',(1.,0.,0.));
#485 = FACE_BOUND('',#486,.F.);
#486 = EDGE_LOOP('',(#487));
#487 = ORIENTED_EDGE('',*,*,#488,.F.);
#488 = EDGE_CURVE('',#489,#489,#491,.T.);
#489 = VERTEX_POINT('',#490);
#490 = CARTESIAN_POINT('',(28.6,30.,0.));
#491 = CIRCLE('',#492,1.6);
#492 = AXIS2_PLACEMENT_3D('',#493,#494,#495);
#493 = CARTESIAN_POINT('',(27.,30.,0.));
#494 = DIRECTION('',(0.,0.,1.));
#495 = DIRECTION('',(1.,0.,0.));
#496 = FACE_BOUND('',#497,.F.);
#497 = EDGE_LOOP('',(#498));
#498 = ORIENTED_EDGE('',*,*,#499,.F.);
#499 = EDGE_CURVE('',#500,#500,#502,.T.);
#500 = VERTEX_POINT('',#501);
#501 = CARTESIAN_POINT('',(46.9,33.,0.));
#502 = CIRCLE('',#503,2.9);
#503 = AXIS2_PLACEMENT_3D('',#504,#505,#506);
#504 = CARTESIAN_POINT('',(44.,33.,0.));
#505 = DIRECTION('',(0.,0.,1.));
#506 = DIRECTION('',(1.,0.,0.));
#507 = FACE_BOUND('',#508,.F.);
#508 = EDGE_LOOP('',(#509));
#509 = ORIENTED_EDGE('',*,*,#510,.F.);
#510 = EDGE_CURVE('',#511,#511,#513,.T.);
#511 = VERTEX_POINT('',#512);
#512 = CARTESIAN_POINT('',(68.9,33.,0.));
#513 = CIRCLE('',#514,2.9);
#514 = AXIS2_PLACEMENT_3D('',#515,#516,#517);
#515 = CARTESIAN_POINT('',(66.,33.,0.));
#516 = DIRECTION('',(0.,0.,1.));
#517 = DIRECTION('',(1.,0.,0.));
#518 = FACE_BOUND('',#519,.F.);
#519 = EDGE_LOOP('',(#520));
#520 = ORIENTED_EDGE('',*,*,#521,.F.);
#521 = EDGE_CURVE('',#522,#522,#524,.T.);
#522 = VERTEX_POINT('',#523);
#523 = CARTESIAN_POINT('',(94.25,18.,0.));
#524 = CIRCLE('',#525,6.25);
#525 = AXIS2_PLACEMENT_3D('',#526,#527,#528);
#526 = CARTESIAN_POINT('',(88.,18.,0.));
#527 = DIRECTION('',(0.,0.,1.));
#528 = DIRECTION('',(1.,0.,0.));
#529 = FACE_BOUND('',#530,.F.);
#530 = EDGE_LOOP('',(#531));
#531 = ORIENTED_EDGE('',*,*,#532,.F.);
#532 = EDGE_CURVE('',#533,#533,#535,.T.);
#533 = VERTEX_POINT('',#534);
#534 = CARTESIAN_POINT('',(116.25,18.,0.));
#535 = CIRCLE('',#536,6.25);
#536 = AXIS2_PLACEMENT_3D('',#537,#538,#539);
#537 = CARTESIAN_POINT('',(110.,18.,0.));
#538 = DIRECTION('',(0.,0.,1.));
#539 = DIRECTION('',(1.,0.,0.));
#540 = FACE_BOUND('',#541,.F.);
#541 = EDGE_LOOP('',(#542));
#542 = ORIENTED_EDGE('',*,*,#543,.T.);
#543 = EDGE_CURVE('',#544,#544,#546,.T.);
#544 = VERTEX_POINT('',#545);
#545 = CARTESIAN_POINT('',(148.7,5.,0.));
#546 = CIRCLE('',#547,1.7);
#547 = AXIS2_PLACEMENT_3D('',#548,#549,#550);
#548 = CARTESIAN_POINT('',(147.,5.,0.));
#549 = DIRECTION('',(0.,0.,-1.));
#550 = DIRECTION('',(1.,0.,0.));
#551 = FACE_BOUND('',#552,.F.);
#552 = EDGE_LOOP('',(#553));
#553 = ORIENTED_EDGE('',*,*,#554,.F.);
#554 = EDGE_CURVE('',#555,#555,#557,.T.);
#555 = VERTEX_POINT('',#556);
#556 = CARTESIAN_POINT('',(138.25,18.,0.));
#557 = CIRCLE('',#558,6.25);
#558 = AXIS2_PLACEMENT_3D('',#559,#560,#561);
#559 = CARTESIAN_POINT('',(132.,18.,0.));
#560 = DIRECTION('',(0.,0.,1.));
#561 = DIRECTION('',(1.,0.,0.));
#562 = FACE_BOUND('',#563,.F.);
#563 = EDGE_LOOP('',(#564));
#564 = ORIENTED_EDGE('',*,*,#565,.F.);
#565 = EDGE_CURVE('',#566,#566,#568,.T.);
#566 = VERTEX_POINT('',#567);
#567 = CARTESIAN_POINT('',(90.9,33.,0.));
#568 = CIRCLE('',#569,2.9);
#569 = AXIS2_PLACEMENT_3D('',#570,#571,#572);
#570 = CARTESIAN_POINT('',(88.,33.,0.));
#571 = DIRECTION('',(0.,0.,1.));
#572 = DIRECTION('',(1.,0.,0.));
#573 = FACE_BOUND('',#574,.F.);
#574 = EDGE_LOOP('',(#575));
#575 = ORIENTED_EDGE('',*,*,#576,.F.);
#576 = EDGE_CURVE('',#577,#577,#579,.T.);
#577 = VERTEX_POINT('',#578);
#578 = CARTESIAN_POINT('',(112.9,33.,0.));
#579 = CIRCLE('',#580,2.9);
#580 = AXIS2_PLACEMENT_3D('',#581,#582,#583);
#581 = CARTESIAN_POINT('',(110.,33.,0.));
#582 = DIRECTION('',(0.,0.,1.));
#583 = DIRECTION('',(1.,0.,0.));
#584 = FACE_BOUND('',#585,.F.);
#585 = EDGE_LOOP('',(#586));
#586 = ORIENTED_EDGE('',*,*,#587,.F.);
#587 = EDGE_CURVE('',#588,#588,#590,.T.);
#588 = VERTEX_POINT('',#589);
#589 = CARTESIAN_POINT('',(134.9,33.,0.));
#590 = CIRCLE('',#591,2.9);
#591 = AXIS2_PLACEMENT_3D('',#592,#593,#594);
#592 = CARTESIAN_POINT('',(132.,33.,0.));
#593 = DIRECTION('',(0.,0.,1.));
#594 = DIRECTION('',(1.,0.,0.));
#595 = FACE_BOUND('',#596,.F.);
#596 = EDGE_LOOP('',(#597,#608,#616,#625));
#597 = ORIENTED_EDGE('',*,*,#598,.T.);
#598 = EDGE_CURVE('',#599,#601,#603,.T.);
#599 = VERTEX_POINT('',#600);
#600 = CARTESIAN_POINT('',(4.2,12.,0.));
#601 = VERTEX_POINT('',#602);
#602 = CARTESIAN_POINT('',(2.2,12.,0.));
#603 = CIRCLE('',#604,1.);
#604 = AXIS2_PLACEMENT_3D('',#605,#606,#607);
#605 = CARTESIAN_POINT('',(3.2,12.,0.));
#606 = DIRECTION('',(0.,0.,-1.));
#607 = DIRECTION('',(1.,0.,0.));
#608 = ORIENTED_EDGE('',*,*,#609,.T.);
#609 = EDGE_CURVE('',#601,#610,#612,.T.);
#610 = VERTEX_POINT('',#611);
#611 = CARTESIAN_POINT('',(2.2,72.,0.));
#612 = LINE('',#613,#614);
#613 = CARTESIAN_POINT('',(2.2,12.,0.));
#614 = VECTOR('',#615,1.);
#615 = DIRECTION('',(0.,1.,0.));
#616 = ORIENTED_EDGE('',*,*,#617,.T.);
#617 = EDGE_CURVE('',#610,#618,#620,.T.);
#618 = VERTEX_POINT('',#619);
#619 = CARTESIAN_POINT('',(4.2,72.,0.));
#620 = CIRCLE('',#621,1.);
#621 = AXIS2_PLACEMENT_3D('',#622,#623,#624);
#622 = CARTESIAN_POINT('',(3.2,72.,0.));
#623 = DIRECTION('',(0.,0.,-1.));
#624 = DIRECTION('',(1.,0.,0.));
#625 = ORIENTED_EDGE('',*,*,#626,.T.);
#626 = EDGE_CURVE('',#618,#599,#627,.T.);
#627 = LINE('',#628,#629);
#628 = CARTESIAN_POINT('',(4.2,72.,0.));
#629 = VECTOR('',#630,1.);
#630 = DIRECTION('',(0.,-1.,0.));
#631 = FACE_BOUND('',#632,.F.);
#632 = EDGE_LOOP('',(#633));
#633 = ORIENTED_EDGE('',*,*,#634,.F.);
#634 = EDGE_CURVE('',#635,#635,#637,.T.);
#635 = VERTEX_POINT('',#636);
#636 = CARTESIAN_POINT('',(38.6,50.,0.));
#637 = CIRCLE('',#638,1.6);
#638 = AXIS2_PLACEMENT_3D('',#639,#640,#641);
#639 = CARTESIAN_POINT('',(37.,50.,0.));
#640 = DIRECTION('',(0.,0.,1.));
#641 = DIRECTION('',(1.,0.,0.));
#642 = FACE_BOUND('',#643,.F.);
#643 = EDGE_LOOP('',(#644));
#644 = ORIENTED_EDGE('',*,*,#645,.F.);
#645 = EDGE_CURVE('',#646,#646,#648,.T.);
#646 = VERTEX_POINT('',#647);
#647 = CARTESIAN_POINT('',(14.6,54.,0.));
#648 = CIRCLE('',#649,1.6);
#649 = AXIS2_PLACEMENT_3D('',#650,#651,#652);
#650 = CARTESIAN_POINT('',(13.,54.,0.));
#651 = DIRECTION('',(0.,0.,1.));
#652 = DIRECTION('',(1.,0.,0.));
#653 = FACE_BOUND('',#654,.F.);
#654 = EDGE_LOOP('',(#655));
#655 = ORIENTED_EDGE('',*,*,#656,.F.);
#656 = EDGE_CURVE('',#657,#657,#659,.T.);
#657 = VERTEX_POINT('',#658);
#658 = CARTESIAN_POINT('',(28.6,54.,0.));
#659 = CIRCLE('',#660,1.6);
#660 = AXIS2_PLACEMENT_3D('',#661,#662,#663);
#661 = CARTESIAN_POINT('',(27.,54.,0.));
#662 = DIRECTION('',(0.,0.,1.));
#663 = DIRECTION('',(1.,0.,0.));
#664 = FACE_BOUND('',#665,.F.);
#665 = EDGE_LOOP('',(#666,#676,#685,#693,#702,#710,#719,#727));
#666 = ORIENTED_EDGE('',*,*,#667,.F.);
#667 = EDGE_CURVE('',#668,#670,#672,.T.);
#668 = VERTEX_POINT('',#669);
#669 = CARTESIAN_POINT('',(40.5,47.,0.));
#670 = VERTEX_POINT('',#671);
#671 = CARTESIAN_POINT('',(111.5,47.,0.));
#672 = LINE('',#673,#674);
#673 = CARTESIAN_POINT('',(58.25,47.,0.));
#674 = VECTOR('',#675,1.);
#675 = DIRECTION('',(1.,0.,0.));
#676 = ORIENTED_EDGE('',*,*,#677,.F.);
#677 = EDGE_CURVE('',#678,#668,#680,.T.);
#678 = VERTEX_POINT('',#679);
#679 = CARTESIAN_POINT('',(39.5,48.,0.));
#680 = CIRCLE('',#681,1.);
#681 = AXIS2_PLACEMENT_3D('',#682,#683,#684);
#682 = CARTESIAN_POINT('',(40.5,48.,0.));
#683 = DIRECTION('',(0.,0.,1.));
#684 = DIRECTION('',(1.,0.,0.));
#685 = ORIENTED_EDGE('',*,*,#686,.F.);
#686 = EDGE_CURVE('',#687,#678,#689,.T.);
#687 = VERTEX_POINT('',#688);
#688 = CARTESIAN_POINT('',(39.5,73.,0.));
#689 = LINE('',#690,#691);
#690 = CARTESIAN_POINT('',(39.5,57.5,0.));
#691 = VECTOR('',#692,1.);
#692 = DIRECTION('',(0.,-1.,0.));
#693 = ORIENTED_EDGE('',*,*,#694,.F.);
#694 = EDGE_CURVE('',#695,#687,#697,.T.);
#695 = VERTEX_POINT('',#696);
#696 = CARTESIAN_POINT('',(40.5,74.,0.));
#697 = CIRCLE('',#698,1.);
#698 = AXIS2_PLACEMENT_3D('',#699,#700,#701);
#699 = CARTESIAN_POINT('',(40.5,73.,0.));
#700 = DIRECTION('',(0.,0.,1.));
#701 = DIRECTION('',(1.,0.,0.));
#702 = ORIENTED_EDGE('',*,*,#703,.F.);
#703 = EDGE_CURVE('',#704,#695,#706,.T.);
#704 = VERTEX_POINT('',#705);
#705 = CARTESIAN_POINT('',(111.5,74.,0.));
#706 = LINE('',#707,#708);
#707 = CARTESIAN_POINT('',(93.75,74.,0.));
#708 = VECTOR('',#709,1.);
#709 = DIRECTION('',(-1.,0.,0.));
#710 = ORIENTED_EDGE('',*,*,#711,.F.);
#711 = EDGE_CURVE('',#712,#704,#714,.T.);
#712 = VERTEX_POINT('',#713);
#713 = CARTESIAN_POINT('',(112.5,73.,0.));
#714 = CIRCLE('',#715,1.);
#715 = AXIS2_PLACEMENT_3D('',#716,#717,#718);
#716 = CARTESIAN_POINT('',(111.5,73.,0.));
#717 = DIRECTION('',(0.,0.,1.));
#718 = DIRECTION('',(1.,0.,0.));
#719 = ORIENTED_EDGE('',*,*,#720,.F.);
#720 = EDGE_CURVE('',#721,#712,#723,.T.);
#721 = VERTEX_POINT('',#722);
#722 = CARTESIAN_POINT('',(112.5,48.,0.));
#723 = LINE('',#724,#725);
#724 = CARTESIAN_POINT('',(112.5,45.,0.));
#725 = VECTOR('',#726,1.);
#726 = DIRECTION('',(0.,1.,0.));
#727 = ORIENTED_EDGE('',*,*,#728,.F.);
#728 = EDGE_CURVE('',#670,#721,#729,.T.);
#729 = CIRCLE('',#730,1.);
#730 = AXIS2_PLACEMENT_3D('',#731,#732,#733);
#731 = CARTESIAN_POINT('',(111.5,48.,0.));
#732 = DIRECTION('',(0.,0.,1.));
#733 = DIRECTION('',(1.,0.,0.));
#734 = FACE_BOUND('',#735,.F.);
#735 = EDGE_LOOP('',(#736,#746,#755,#763,#772,#780,#789,#797));
#736 = ORIENTED_EDGE('',*,*,#737,.F.);
#737 = EDGE_CURVE('',#738,#740,#742,.T.);
#738 = VERTEX_POINT('',#739);
#739 = CARTESIAN_POINT('',(12.,73.,0.));
#740 = VERTEX_POINT('',#741);
#741 = CARTESIAN_POINT('',(12.,61.,0.));
#742 = LINE('',#743,#744);
#743 = CARTESIAN_POINT('',(12.,57.5,0.));
#744 = VECTOR('',#745,1.);
#745 = DIRECTION('',(0.,-1.,0.));
#746 = ORIENTED_EDGE('',*,*,#747,.F.);
#747 = EDGE_CURVE('',#748,#738,#750,.T.);
#748 = VERTEX_POINT('',#749);
#749 = CARTESIAN_POINT('',(13.,74.,0.));
#750 = CIRCLE('',#751,1.);
#751 = AXIS2_PLACEMENT_3D('',#752,#753,#754);
#752 = CARTESIAN_POINT('',(13.,73.,0.));
#753 = DIRECTION('',(0.,0.,1.));
#754 = DIRECTION('',(1.,0.,0.));
#755 = ORIENTED_EDGE('',*,*,#756,.F.);
#756 = EDGE_CURVE('',#757,#748,#759,.T.);
#757 = VERTEX_POINT('',#758);
#758 = CARTESIAN_POINT('',(27.,74.,0.));
#759 = LINE('',#760,#761);
#760 = CARTESIAN_POINT('',(51.5,74.,0.));
#761 = VECTOR('',#762,1.);
#762 = DIRECTION('',(-1.,0.,0.));
#763 = ORIENTED_EDGE('',*,*,#764,.F.);
#764 = EDGE_CURVE('',#765,#757,#767,.T.);
#765 = VERTEX_POINT('',#766);
#766 = CARTESIAN_POINT('',(28.,73.,0.));
#767 = CIRCLE('',#768,1.);
#768 = AXIS2_PLACEMENT_3D('',#769,#770,#771);
#769 = CARTESIAN_POINT('',(27.,73.,0.));
#770 = DIRECTION('',(0.,0.,1.));
#771 = DIRECTION('',(1.,0.,0.));
#772 = ORIENTED_EDGE('',*,*,#773,.F.);
#773 = EDGE_CURVE('',#774,#765,#776,.T.);
#774 = VERTEX_POINT('',#775);
#775 = CARTESIAN_POINT('',(28.,61.,0.));
#776 = LINE('',#777,#778);
#777 = CARTESIAN_POINT('',(28.,51.5,0.));
#778 = VECTOR('',#779,1.);
#779 = DIRECTION('',(0.,1.,0.));
#780 = ORIENTED_EDGE('',*,*,#781,.F.);
#781 = EDGE_CURVE('',#782,#774,#784,.T.);
#782 = VERTEX_POINT('',#783);
#783 = CARTESIAN_POINT('',(27.,60.,0.));
#784 = CIRCLE('',#785,1.);
#785 = AXIS2_PLACEMENT_3D('',#786,#787,#788);
#786 = CARTESIAN_POINT('',(27.,61.,0.));
#787 = DIRECTION('',(0.,0.,1.));
#788 = DIRECTION('',(1.,0.,0.));
#789 = ORIENTED_EDGE('',*,*,#790,.F.);
#790 = EDGE_CURVE('',#791,#782,#793,.T.);
#791 = VERTEX_POINT('',#792);
#792 = CARTESIAN_POINT('',(13.,60.,0.));
#793 = LINE('',#794,#795);
#794 = CARTESIAN_POINT('',(44.5,60.,0.));
#795 = VECTOR('',#796,1.);
#796 = DIRECTION('',(1.,0.,0.));
#797 = ORIENTED_EDGE('',*,*,#798,.F.);
#798 = EDGE_CURVE('',#740,#791,#799,.T.);
#799 = CIRCLE('',#800,1.);
#800 = AXIS2_PLACEMENT_3D('',#801,#802,#803);
#801 = CARTESIAN_POINT('',(13.,61.,0.));
#802 = DIRECTION('',(0.,0.,1.));
#803 = DIRECTION('',(1.,0.,0.));
#804 = FACE_BOUND('',#805,.F.);
#805 = EDGE_LOOP('',(#806));
#806 = ORIENTED_EDGE('',*,*,#807,.T.);
#807 = EDGE_CURVE('',#808,#808,#810,.T.);
#808 = VERTEX_POINT('',#809);
#809 = CARTESIAN_POINT('',(6.7,79.,0.));
#810 = CIRCLE('',#811,1.7);
#811 = AXIS2_PLACEMENT_3D('',#812,#813,#814);
#812 = CARTESIAN_POINT('',(5.,79.,0.));
#813 = DIRECTION('',(0.,0.,-1.));
#814 = DIRECTION('',(1.,0.,0.));
#815 = FACE_BOUND('',#816,.F.);
#816 = EDGE_LOOP('',(#817));
#817 = ORIENTED_EDGE('',*,*,#818,.F.);
#818 = EDGE_CURVE('',#819,#819,#821,.T.);
#819 = VERTEX_POINT('',#820);
#820 = CARTESIAN_POINT('',(14.6,78.,0.));
#821 = CIRCLE('',#822,1.6);
#822 = AXIS2_PLACEMENT_3D('',#823,#824,#825);
#823 = CARTESIAN_POINT('',(13.,78.,0.));
#824 = DIRECTION('',(0.,0.,1.));
#825 = DIRECTION('',(1.,0.,0.));
#826 = FACE_BOUND('',#827,.F.);
#827 = EDGE_LOOP('',(#828));
#828 = ORIENTED_EDGE('',*,*,#829,.F.);
#829 = EDGE_CURVE('',#830,#830,#832,.T.);
#830 = VERTEX_POINT('',#831);
#831 = CARTESIAN_POINT('',(38.6,71.,0.));
#832 = CIRCLE('',#833,1.6);
#833 = AXIS2_PLACEMENT_3D('',#834,#835,#836);
#834 = CARTESIAN_POINT('',(37.,71.,0.));
#835 = DIRECTION('',(0.,0.,1.));
#836 = DIRECTION('',(1.,0.,0.));
#837 = FACE_BOUND('',#838,.F.);
#838 = EDGE_LOOP('',(#839));
#839 = ORIENTED_EDGE('',*,*,#840,.F.);
#840 = EDGE_CURVE('',#841,#841,#843,.T.);
#841 = VERTEX_POINT('',#842);
#842 = CARTESIAN_POINT('',(28.6,78.,0.));
#843 = CIRCLE('',#844,1.6);
#844 = AXIS2_PLACEMENT_3D('',#845,#846,#847);
#845 = CARTESIAN_POINT('',(27.,78.,0.));
#846 = DIRECTION('',(0.,0.,1.));
#847 = DIRECTION('',(1.,0.,0.));
#848 = FACE_BOUND('',#849,.F.);
#849 = EDGE_LOOP('',(#850));
#850 = ORIENTED_EDGE('',*,*,#851,.F.);
#851 = EDGE_CURVE('',#852,#852,#854,.T.);
#852 = VERTEX_POINT('',#853);
#853 = CARTESIAN_POINT('',(116.6,50.,0.));
#854 = CIRCLE('',#855,1.6);
#855 = AXIS2_PLACEMENT_3D('',#856,#857,#858);
#856 = CARTESIAN_POINT('',(115.,50.,0.));
#857 = DIRECTION('',(0.,0.,1.));
#858 = DIRECTION('',(1.,0.,0.));
#859 = FACE_BOUND('',#860,.F.);
#860 = EDGE_LOOP('',(#861,#872,#880,#889));
#861 = ORIENTED_EDGE('',*,*,#862,.T.);
#862 = EDGE_CURVE('',#863,#865,#867,.T.);
#863 = VERTEX_POINT('',#864);
#864 = CARTESIAN_POINT('',(149.8,12.,0.));
#865 = VERTEX_POINT('',#866);
#866 = CARTESIAN_POINT('',(147.8,12.,0.));
#867 = CIRCLE('',#868,1.);
#868 = AXIS2_PLACEMENT_3D('',#869,#870,#871);
#869 = CARTESIAN_POINT('',(148.8,12.,0.));
#870 = DIRECTION('',(0.,0.,-1.));
#871 = DIRECTION('',(1.,0.,0.));
#872 = ORIENTED_EDGE('',*,*,#873,.T.);
#873 = EDGE_CURVE('',#865,#874,#876,.T.);
#874 = VERTEX_POINT('',#875);
#875 = CARTESIAN_POINT('',(147.8,72.,0.));
#876 = LINE('',#877,#878);
#877 = CARTESIAN_POINT('',(147.8,12.,0.));
#878 = VECTOR('',#879,1.);
#879 = DIRECTION('',(0.,1.,0.));
#880 = ORIENTED_EDGE('',*,*,#881,.T.);
#881 = EDGE_CURVE('',#874,#882,#884,.T.);
#882 = VERTEX_POINT('',#883);
#883 = CARTESIAN_POINT('',(149.8,72.,0.));
#884 = CIRCLE('',#885,1.);
#885 = AXIS2_PLACEMENT_3D('',#886,#887,#888);
#886 = CARTESIAN_POINT('',(148.8,72.,0.));
#887 = DIRECTION('',(0.,0.,-1.));
#888 = DIRECTION('',(1.,0.,0.));
#889 = ORIENTED_EDGE('',*,*,#890,.T.);
#890 = EDGE_CURVE('',#882,#863,#891,.T.);
#891 = LINE('',#892,#893);
#892 = CARTESIAN_POINT('',(149.8,72.,0.));
#893 = VECTOR('',#894,1.);
#894 = DIRECTION('',(0.,-1.,0.));
#895 = FACE_BOUND('',#896,.F.);
#896 = EDGE_LOOP('',(#897));
#897 = ORIENTED_EDGE('',*,*,#898,.F.);
#898 = EDGE_CURVE('',#899,#899,#901,.T.);
#899 = VERTEX_POINT('',#900);
#900 = CARTESIAN_POINT('',(136.8,56.,0.));
#901 = CIRCLE('',#902,4.8);
#902 = AXIS2_PLACEMENT_3D('',#903,#904,#905);
#903 = CARTESIAN_POINT('',(132.,56.,0.));
#904 = DIRECTION('',(0.,0.,1.));
#905 = DIRECTION('',(1.,0.,0.));
#906 = FACE_BOUND('',#907,.F.);
#907 = EDGE_LOOP('',(#908));
#908 = ORIENTED_EDGE('',*,*,#909,.F.);
#909 = EDGE_CURVE('',#910,#910,#912,.T.);
#910 = VERTEX_POINT('',#911);
#911 = CARTESIAN_POINT('',(143.1,56.,0.));
#912 = CIRCLE('',#913,1.6);
#913 = AXIS2_PLACEMENT_3D('',#914,#915,#916);
#914 = CARTESIAN_POINT('',(141.5,56.,0.));
#915 = DIRECTION('',(0.,0.,1.));
#916 = DIRECTION('',(1.,0.,0.));
#917 = FACE_BOUND('',#918,.F.);
#918 = EDGE_LOOP('',(#919));
#919 = ORIENTED_EDGE('',*,*,#920,.F.);
#920 = EDGE_CURVE('',#921,#921,#923,.T.);
#921 = VERTEX_POINT('',#922);
#922 = CARTESIAN_POINT('',(116.6,71.,0.));
#923 = CIRCLE('',#924,1.6);
#924 = AXIS2_PLACEMENT_3D('',#925,#926,#927);
#925 = CARTESIAN_POINT('',(115.,71.,0.));
#926 = DIRECTION('',(0.,0.,1.));
#927 = DIRECTION('',(1.,0.,0.));
#928 = FACE_BOUND('',#929,.F.);
#929 = EDGE_LOOP('',(#930));
#930 = ORIENTED_EDGE('',*,*,#931,.T.);
#931 = EDGE_CURVE('',#932,#932,#934,.T.);
#932 = VERTEX_POINT('',#933);
#933 = CARTESIAN_POINT('',(148.7,79.,0.));
#934 = CIRCLE('',#935,1.7);
#935 = AXIS2_PLACEMENT_3D('',#936,#937,#938);
#936 = CARTESIAN_POINT('',(147.,79.,0.));
#937 = DIRECTION('',(0.,0.,-1.));
#938 = DIRECTION('',(1.,0.,0.));
#939 = PLANE('',#940);
#940 = AXIS2_PLACEMENT_3D('',#941,#942,#943);
#941 = CARTESIAN_POINT('',(76.,42.,0.));
#942 = DIRECTION('',(0.,0.,1.));
#943 = DIRECTION('',(1.,0.,0.));
#944 = ADVANCED_FACE('',(#945,#990,#1001,#1012,#1023,#1093,#1129,#1165,
    #1201,#1212,#1248,#1259,#1270,#1281,#1292,#1303,#1314,#1325,#1336,
    #1347,#1358,#1369,#1380,#1391,#1402,#1413,#1483,#1494,#1505,#1516,
    #1527,#1597,#1608,#1619,#1630,#1641),#1652,.T.);
#945 = FACE_BOUND('',#946,.T.);
#946 = EDGE_LOOP('',(#947,#948,#949,#957,#966,#974,#983,#989));
#947 = ORIENTED_EDGE('',*,*,#31,.T.);
#948 = ORIENTED_EDGE('',*,*,#95,.T.);
#949 = ORIENTED_EDGE('',*,*,#950,.T.);
#950 = EDGE_CURVE('',#96,#951,#953,.T.);
#951 = VERTEX_POINT('',#952);
#952 = CARTESIAN_POINT('',(152.,80.,3.));
#953 = LINE('',#954,#955);
#954 = CARTESIAN_POINT('',(152.,4.,3.));
#955 = VECTOR('',#956,1.);
#956 = DIRECTION('',(0.,1.,0.));
#957 = ORIENTED_EDGE('',*,*,#958,.T.);
#958 = EDGE_CURVE('',#951,#959,#961,.T.);
#959 = VERTEX_POINT('',#960);
#960 = CARTESIAN_POINT('',(148.,84.,3.));
#961 = CIRCLE('',#962,4.);
#962 = AXIS2_PLACEMENT_3D('',#963,#964,#965);
#963 = CARTESIAN_POINT('',(148.,80.,3.));
#964 = DIRECTION('',(0.,0.,1.));
#965 = DIRECTION('',(1.,0.,0.));
#966 = ORIENTED_EDGE('',*,*,#967,.T.);
#967 = EDGE_CURVE('',#959,#968,#970,.T.);
#968 = VERTEX_POINT('',#969);
#969 = CARTESIAN_POINT('',(4.,84.,3.));
#970 = LINE('',#971,#972);
#971 = CARTESIAN_POINT('',(148.,84.,3.));
#972 = VECTOR('',#973,1.);
#973 = DIRECTION('',(-1.,0.,0.));
#974 = ORIENTED_EDGE('',*,*,#975,.T.);
#975 = EDGE_CURVE('',#968,#976,#978,.T.);
#976 = VERTEX_POINT('',#977);
#977 = CARTESIAN_POINT('',(0.,80.,3.));
#978 = CIRCLE('',#979,4.);
#979 = AXIS2_PLACEMENT_3D('',#980,#981,#982);
#980 = CARTESIAN_POINT('',(4.,80.,3.));
#981 = DIRECTION('',(0.,0.,1.));
#982 = DIRECTION('',(1.,0.,0.));
#983 = ORIENTED_EDGE('',*,*,#984,.T.);
#984 = EDGE_CURVE('',#976,#64,#985,.T.);
#985 = LINE('',#986,#987);
#986 = CARTESIAN_POINT('',(0.,80.,3.));
#987 = VECTOR('',#988,1.);
#988 = DIRECTION('',(0.,-1.,0.));
#989 = ORIENTED_EDGE('',*,*,#71,.T.);
#990 = FACE_BOUND('',#991,.T.);
#991 = EDGE_LOOP('',(#992));
#992 = ORIENTED_EDGE('',*,*,#993,.F.);
#993 = EDGE_CURVE('',#994,#994,#996,.T.);
#994 = VERTEX_POINT('',#995);
#995 = CARTESIAN_POINT('',(8.4,5.,3.));
#996 = CIRCLE('',#997,3.4);
#997 = AXIS2_PLACEMENT_3D('',#998,#999,#1000);
#998 = CARTESIAN_POINT('',(5.,5.,3.));
#999 = DIRECTION('',(0.,0.,1.));
#1000 = DIRECTION('',(1.,0.,0.));
#1001 = FACE_BOUND('',#1002,.T.);
#1002 = EDGE_LOOP('',(#1003));
#1003 = ORIENTED_EDGE('',*,*,#1004,.F.);
#1004 = EDGE_CURVE('',#1005,#1005,#1007,.T.);
#1005 = VERTEX_POINT('',#1006);
#1006 = CARTESIAN_POINT('',(14.6,6.,3.));
#1007 = CIRCLE('',#1008,1.6);
#1008 = AXIS2_PLACEMENT_3D('',#1009,#1010,#1011);
#1009 = CARTESIAN_POINT('',(13.,6.,3.));
#1010 = DIRECTION('',(0.,0.,1.));
#1011 = DIRECTION('',(1.,0.,0.));
#1012 = FACE_BOUND('',#1013,.T.);
#1013 = EDGE_LOOP('',(#1014));
#1014 = ORIENTED_EDGE('',*,*,#1015,.F.);
#1015 = EDGE_CURVE('',#1016,#1016,#1018,.T.);
#1016 = VERTEX_POINT('',#1017);
#1017 = CARTESIAN_POINT('',(28.6,6.,3.));
#1018 = CIRCLE('',#1019,1.6);
#1019 = AXIS2_PLACEMENT_3D('',#1020,#1021,#1022);
#1020 = CARTESIAN_POINT('',(27.,6.,3.));
#1021 = DIRECTION('',(0.,0.,1.));
#1022 = DIRECTION('',(1.,0.,0.));
#1023 = FACE_BOUND('',#1024,.T.);
#1024 = EDGE_LOOP('',(#1025,#1035,#1044,#1052,#1061,#1069,#1078,#1086));
#1025 = ORIENTED_EDGE('',*,*,#1026,.F.);
#1026 = EDGE_CURVE('',#1027,#1029,#1031,.T.);
#1027 = VERTEX_POINT('',#1028);
#1028 = CARTESIAN_POINT('',(12.,23.,3.));
#1029 = VERTEX_POINT('',#1030);
#1030 = CARTESIAN_POINT('',(12.,11.,3.));
#1031 = LINE('',#1032,#1033);
#1032 = CARTESIAN_POINT('',(12.,23.,3.));
#1033 = VECTOR('',#1034,1.);
#1034 = DIRECTION('',(0.,-1.,0.));
#1035 = ORIENTED_EDGE('',*,*,#1036,.F.);
#1036 = EDGE_CURVE('',#1037,#1027,#1039,.T.);
#1037 = VERTEX_POINT('',#1038);
#1038 = CARTESIAN_POINT('',(13.,24.,3.));
#1039 = CIRCLE('',#1040,1.);
#1040 = AXIS2_PLACEMENT_3D('',#1041,#1042,#1043);
#1041 = CARTESIAN_POINT('',(13.,23.,3.));
#1042 = DIRECTION('',(0.,0.,1.));
#1043 = DIRECTION('',(1.,0.,0.));
#1044 = ORIENTED_EDGE('',*,*,#1045,.F.);
#1045 = EDGE_CURVE('',#1046,#1037,#1048,.T.);
#1046 = VERTEX_POINT('',#1047);
#1047 = CARTESIAN_POINT('',(27.,24.,3.));
#1048 = LINE('',#1049,#1050);
#1049 = CARTESIAN_POINT('',(27.,24.,3.));
#1050 = VECTOR('',#1051,1.);
#1051 = DIRECTION('',(-1.,0.,0.));
#1052 = ORIENTED_EDGE('',*,*,#1053,.F.);
#1053 = EDGE_CURVE('',#1054,#1046,#1056,.T.);
#1054 = VERTEX_POINT('',#1055);
#1055 = CARTESIAN_POINT('',(28.,23.,3.));
#1056 = CIRCLE('',#1057,1.);
#1057 = AXIS2_PLACEMENT_3D('',#1058,#1059,#1060);
#1058 = CARTESIAN_POINT('',(27.,23.,3.));
#1059 = DIRECTION('',(0.,0.,1.));
#1060 = DIRECTION('',(1.,0.,0.));
#1061 = ORIENTED_EDGE('',*,*,#1062,.F.);
#1062 = EDGE_CURVE('',#1063,#1054,#1065,.T.);
#1063 = VERTEX_POINT('',#1064);
#1064 = CARTESIAN_POINT('',(28.,11.,3.));
#1065 = LINE('',#1066,#1067);
#1066 = CARTESIAN_POINT('',(28.,11.,3.));
#1067 = VECTOR('',#1068,1.);
#1068 = DIRECTION('',(0.,1.,0.));
#1069 = ORIENTED_EDGE('',*,*,#1070,.F.);
#1070 = EDGE_CURVE('',#1071,#1063,#1073,.T.);
#1071 = VERTEX_POINT('',#1072);
#1072 = CARTESIAN_POINT('',(27.,10.,3.));
#1073 = CIRCLE('',#1074,1.);
#1074 = AXIS2_PLACEMENT_3D('',#1075,#1076,#1077);
#1075 = CARTESIAN_POINT('',(27.,11.,3.));
#1076 = DIRECTION('',(0.,0.,1.));
#1077 = DIRECTION('',(1.,0.,0.));
#1078 = ORIENTED_EDGE('',*,*,#1079,.F.);
#1079 = EDGE_CURVE('',#1080,#1071,#1082,.T.);
#1080 = VERTEX_POINT('',#1081);
#1081 = CARTESIAN_POINT('',(13.,10.,3.));
#1082 = LINE('',#1083,#1084);
#1083 = CARTESIAN_POINT('',(13.,10.,3.));
#1084 = VECTOR('',#1085,1.);
#1085 = DIRECTION('',(1.,0.,0.));
#1086 = ORIENTED_EDGE('',*,*,#1087,.F.);
#1087 = EDGE_CURVE('',#1029,#1080,#1088,.T.);
#1088 = CIRCLE('',#1089,1.);
#1089 = AXIS2_PLACEMENT_3D('',#1090,#1091,#1092);
#1090 = CARTESIAN_POINT('',(13.,11.,3.));
#1091 = DIRECTION('',(0.,0.,1.));
#1092 = DIRECTION('',(1.,0.,0.));
#1093 = FACE_BOUND('',#1094,.T.);
#1094 = EDGE_LOOP('',(#1095,#1106,#1114,#1123));
#1095 = ORIENTED_EDGE('',*,*,#1096,.F.);
#1096 = EDGE_CURVE('',#1097,#1099,#1101,.T.);
#1097 = VERTEX_POINT('',#1098);
#1098 = CARTESIAN_POINT('',(53.5,10.4,3.));
#1099 = VERTEX_POINT('',#1100);
#1100 = CARTESIAN_POINT('',(53.5,9.6,3.));
#1101 = CIRCLE('',#1102,0.4);
#1102 = AXIS2_PLACEMENT_3D('',#1103,#1104,#1105);
#1103 = CARTESIAN_POINT('',(53.5,10.,3.));
#1104 = DIRECTION('',(0.,0.,1.));
#1105 = DIRECTION('',(1.,0.,0.));
#1106 = ORIENTED_EDGE('',*,*,#1107,.T.);
#1107 = EDGE_CURVE('',#1097,#1108,#1110,.T.);
#1108 = VERTEX_POINT('',#1109);
#1109 = CARTESIAN_POINT('',(56.5,10.4,3.));
#1110 = LINE('',#1111,#1112);
#1111 = CARTESIAN_POINT('',(53.5,10.4,3.));
#1112 = VECTOR('',#1113,1.);
#1113 = DIRECTION('',(1.,0.,0.));
#1114 = ORIENTED_EDGE('',*,*,#1115,.F.);
#1115 = EDGE_CURVE('',#1116,#1108,#1118,.T.);
#1116 = VERTEX_POINT('',#1117);
#1117 = CARTESIAN_POINT('',(56.5,9.6,3.));
#1118 = CIRCLE('',#1119,0.4);
#1119 = AXIS2_PLACEMENT_3D('',#1120,#1121,#1122);
#1120 = CARTESIAN_POINT('',(56.5,10.,3.));
#1121 = DIRECTION('',(0.,0.,1.));
#1122 = DIRECTION('',(1.,0.,0.));
#1123 = ORIENTED_EDGE('',*,*,#1124,.F.);
#1124 = EDGE_CURVE('',#1099,#1116,#1125,.T.);
#1125 = LINE('',#1126,#1127);
#1126 = CARTESIAN_POINT('',(53.5,9.6,3.));
#1127 = VECTOR('',#1128,1.);
#1128 = DIRECTION('',(1.,0.,0.));
#1129 = FACE_BOUND('',#1130,.T.);
#1130 = EDGE_LOOP('',(#1131,#1142,#1150,#1159));
#1131 = ORIENTED_EDGE('',*,*,#1132,.F.);
#1132 = EDGE_CURVE('',#1133,#1135,#1137,.T.);
#1133 = VERTEX_POINT('',#1134);
#1134 = CARTESIAN_POINT('',(51.,12.4,3.));
#1135 = VERTEX_POINT('',#1136);
#1136 = CARTESIAN_POINT('',(51.,11.6,3.));
#1137 = CIRCLE('',#1138,0.4);
#1138 = AXIS2_PLACEMENT_3D('',#1139,#1140,#1141);
#1139 = CARTESIAN_POINT('',(51.,12.,3.));
#1140 = DIRECTION('',(0.,0.,1.));
#1141 = DIRECTION('',(1.,0.,0.));
#1142 = ORIENTED_EDGE('',*,*,#1143,.T.);
#1143 = EDGE_CURVE('',#1133,#1144,#1146,.T.);
#1144 = VERTEX_POINT('',#1145);
#1145 = CARTESIAN_POINT('',(54.,12.4,3.));
#1146 = LINE('',#1147,#1148);
#1147 = CARTESIAN_POINT('',(51.,12.4,3.));
#1148 = VECTOR('',#1149,1.);
#1149 = DIRECTION('',(1.,0.,0.));
#1150 = ORIENTED_EDGE('',*,*,#1151,.F.);
#1151 = EDGE_CURVE('',#1152,#1144,#1154,.T.);
#1152 = VERTEX_POINT('',#1153);
#1153 = CARTESIAN_POINT('',(54.,11.6,3.));
#1154 = CIRCLE('',#1155,0.4);
#1155 = AXIS2_PLACEMENT_3D('',#1156,#1157,#1158);
#1156 = CARTESIAN_POINT('',(54.,12.,3.));
#1157 = DIRECTION('',(0.,0.,1.));
#1158 = DIRECTION('',(1.,0.,0.));
#1159 = ORIENTED_EDGE('',*,*,#1160,.F.);
#1160 = EDGE_CURVE('',#1135,#1152,#1161,.T.);
#1161 = LINE('',#1162,#1163);
#1162 = CARTESIAN_POINT('',(51.,11.6,3.));
#1163 = VECTOR('',#1164,1.);
#1164 = DIRECTION('',(1.,0.,0.));
#1165 = FACE_BOUND('',#1166,.T.);
#1166 = EDGE_LOOP('',(#1167,#1178,#1186,#1195));
#1167 = ORIENTED_EDGE('',*,*,#1168,.F.);
#1168 = EDGE_CURVE('',#1169,#1171,#1173,.T.);
#1169 = VERTEX_POINT('',#1170);
#1170 = CARTESIAN_POINT('',(53.5,14.4,3.));
#1171 = VERTEX_POINT('',#1172);
#1172 = CARTESIAN_POINT('',(53.5,13.6,3.));
#1173 = CIRCLE('',#1174,0.4);
#1174 = AXIS2_PLACEMENT_3D('',#1175,#1176,#1177);
#1175 = CARTESIAN_POINT('',(53.5,14.,3.));
#1176 = DIRECTION('',(0.,0.,1.));
#1177 = DIRECTION('',(1.,0.,0.));
#1178 = ORIENTED_EDGE('',*,*,#1179,.T.);
#1179 = EDGE_CURVE('',#1169,#1180,#1182,.T.);
#1180 = VERTEX_POINT('',#1181);
#1181 = CARTESIAN_POINT('',(56.5,14.4,3.));
#1182 = LINE('',#1183,#1184);
#1183 = CARTESIAN_POINT('',(53.5,14.4,3.));
#1184 = VECTOR('',#1185,1.);
#1185 = DIRECTION('',(1.,0.,0.));
#1186 = ORIENTED_EDGE('',*,*,#1187,.F.);
#1187 = EDGE_CURVE('',#1188,#1180,#1190,.T.);
#1188 = VERTEX_POINT('',#1189);
#1189 = CARTESIAN_POINT('',(56.5,13.6,3.));
#1190 = CIRCLE('',#1191,0.4);
#1191 = AXIS2_PLACEMENT_3D('',#1192,#1193,#1194);
#1192 = CARTESIAN_POINT('',(56.5,14.,3.));
#1193 = DIRECTION('',(0.,0.,1.));
#1194 = DIRECTION('',(1.,0.,0.));
#1195 = ORIENTED_EDGE('',*,*,#1196,.F.);
#1196 = EDGE_CURVE('',#1171,#1188,#1197,.T.);
#1197 = LINE('',#1198,#1199);
#1198 = CARTESIAN_POINT('',(53.5,13.6,3.));
#1199 = VECTOR('',#1200,1.);
#1200 = DIRECTION('',(1.,0.,0.));
#1201 = FACE_BOUND('',#1202,.T.);
#1202 = EDGE_LOOP('',(#1203));
#1203 = ORIENTED_EDGE('',*,*,#1204,.F.);
#1204 = EDGE_CURVE('',#1205,#1205,#1207,.T.);
#1205 = VERTEX_POINT('',#1206);
#1206 = CARTESIAN_POINT('',(50.25,18.,3.));
#1207 = CIRCLE('',#1208,6.25);
#1208 = AXIS2_PLACEMENT_3D('',#1209,#1210,#1211);
#1209 = CARTESIAN_POINT('',(44.,18.,3.));
#1210 = DIRECTION('',(0.,0.,1.));
#1211 = DIRECTION('',(1.,0.,0.));
#1212 = FACE_BOUND('',#1213,.T.);
#1213 = EDGE_LOOP('',(#1214,#1225,#1233,#1242));
#1214 = ORIENTED_EDGE('',*,*,#1215,.F.);
#1215 = EDGE_CURVE('',#1216,#1218,#1220,.T.);
#1216 = VERTEX_POINT('',#1217);
#1217 = CARTESIAN_POINT('',(56.,12.4,3.));
#1218 = VERTEX_POINT('',#1219);
#1219 = CARTESIAN_POINT('',(56.,11.6,3.));
#1220 = CIRCLE('',#1221,0.4);
#1221 = AXIS2_PLACEMENT_3D('',#1222,#1223,#1224);
#1222 = CARTESIAN_POINT('',(56.,12.,3.));
#1223 = DIRECTION('',(0.,0.,1.));
#1224 = DIRECTION('',(1.,0.,0.));
#1225 = ORIENTED_EDGE('',*,*,#1226,.T.);
#1226 = EDGE_CURVE('',#1216,#1227,#1229,.T.);
#1227 = VERTEX_POINT('',#1228);
#1228 = CARTESIAN_POINT('',(59.,12.4,3.));
#1229 = LINE('',#1230,#1231);
#1230 = CARTESIAN_POINT('',(56.,12.4,3.));
#1231 = VECTOR('',#1232,1.);
#1232 = DIRECTION('',(1.,0.,0.));
#1233 = ORIENTED_EDGE('',*,*,#1234,.F.);
#1234 = EDGE_CURVE('',#1235,#1227,#1237,.T.);
#1235 = VERTEX_POINT('',#1236);
#1236 = CARTESIAN_POINT('',(59.,11.6,3.));
#1237 = CIRCLE('',#1238,0.4);
#1238 = AXIS2_PLACEMENT_3D('',#1239,#1240,#1241);
#1239 = CARTESIAN_POINT('',(59.,12.,3.));
#1240 = DIRECTION('',(0.,0.,1.));
#1241 = DIRECTION('',(1.,0.,0.));
#1242 = ORIENTED_EDGE('',*,*,#1243,.F.);
#1243 = EDGE_CURVE('',#1218,#1235,#1244,.T.);
#1244 = LINE('',#1245,#1246);
#1245 = CARTESIAN_POINT('',(56.,11.6,3.));
#1246 = VECTOR('',#1247,1.);
#1247 = DIRECTION('',(1.,0.,0.));
#1248 = FACE_BOUND('',#1249,.T.);
#1249 = EDGE_LOOP('',(#1250));
#1250 = ORIENTED_EDGE('',*,*,#1251,.F.);
#1251 = EDGE_CURVE('',#1252,#1252,#1254,.T.);
#1252 = VERTEX_POINT('',#1253);
#1253 = CARTESIAN_POINT('',(72.25,18.,3.));
#1254 = CIRCLE('',#1255,6.25);
#1255 = AXIS2_PLACEMENT_3D('',#1256,#1257,#1258);
#1256 = CARTESIAN_POINT('',(66.,18.,3.));
#1257 = DIRECTION('',(0.,0.,1.));
#1258 = DIRECTION('',(1.,0.,0.));
#1259 = FACE_BOUND('',#1260,.T.);
#1260 = EDGE_LOOP('',(#1261));
#1261 = ORIENTED_EDGE('',*,*,#1262,.F.);
#1262 = EDGE_CURVE('',#1263,#1263,#1265,.T.);
#1263 = VERTEX_POINT('',#1264);
#1264 = CARTESIAN_POINT('',(14.6,30.,3.));
#1265 = CIRCLE('',#1266,1.6);
#1266 = AXIS2_PLACEMENT_3D('',#1267,#1268,#1269);
#1267 = CARTESIAN_POINT('',(13.,30.,3.));
#1268 = DIRECTION('',(0.,0.,1.));
#1269 = DIRECTION('',(1.,0.,0.));
#1270 = FACE_BOUND('',#1271,.T.);
#1271 = EDGE_LOOP('',(#1272));
#1272 = ORIENTED_EDGE('',*,*,#1273,.F.);
#1273 = EDGE_CURVE('',#1274,#1274,#1276,.T.);
#1274 = VERTEX_POINT('',#1275);
#1275 = CARTESIAN_POINT('',(28.6,30.,3.));
#1276 = CIRCLE('',#1277,1.6);
#1277 = AXIS2_PLACEMENT_3D('',#1278,#1279,#1280);
#1278 = CARTESIAN_POINT('',(27.,30.,3.));
#1279 = DIRECTION('',(0.,0.,1.));
#1280 = DIRECTION('',(1.,0.,0.));
#1281 = FACE_BOUND('',#1282,.T.);
#1282 = EDGE_LOOP('',(#1283));
#1283 = ORIENTED_EDGE('',*,*,#1284,.F.);
#1284 = EDGE_CURVE('',#1285,#1285,#1287,.T.);
#1285 = VERTEX_POINT('',#1286);
#1286 = CARTESIAN_POINT('',(46.9,33.,3.));
#1287 = CIRCLE('',#1288,2.9);
#1288 = AXIS2_PLACEMENT_3D('',#1289,#1290,#1291);
#1289 = CARTESIAN_POINT('',(44.,33.,3.));
#1290 = DIRECTION('',(0.,0.,1.));
#1291 = DIRECTION('',(1.,0.,0.));
#1292 = FACE_BOUND('',#1293,.T.);
#1293 = EDGE_LOOP('',(#1294));
#1294 = ORIENTED_EDGE('',*,*,#1295,.F.);
#1295 = EDGE_CURVE('',#1296,#1296,#1298,.T.);
#1296 = VERTEX_POINT('',#1297);
#1297 = CARTESIAN_POINT('',(68.9,33.,3.));
#1298 = CIRCLE('',#1299,2.9);
#1299 = AXIS2_PLACEMENT_3D('',#1300,#1301,#1302);
#1300 = CARTESIAN_POINT('',(66.,33.,3.));
#1301 = DIRECTION('',(0.,0.,1.));
#1302 = DIRECTION('',(1.,0.,0.));
#1303 = FACE_BOUND('',#1304,.T.);
#1304 = EDGE_LOOP('',(#1305));
#1305 = ORIENTED_EDGE('',*,*,#1306,.F.);
#1306 = EDGE_CURVE('',#1307,#1307,#1309,.T.);
#1307 = VERTEX_POINT('',#1308);
#1308 = CARTESIAN_POINT('',(94.25,18.,3.));
#1309 = CIRCLE('',#1310,6.25);
#1310 = AXIS2_PLACEMENT_3D('',#1311,#1312,#1313);
#1311 = CARTESIAN_POINT('',(88.,18.,3.));
#1312 = DIRECTION('',(0.,0.,1.));
#1313 = DIRECTION('',(1.,0.,0.));
#1314 = FACE_BOUND('',#1315,.T.);
#1315 = EDGE_LOOP('',(#1316));
#1316 = ORIENTED_EDGE('',*,*,#1317,.F.);
#1317 = EDGE_CURVE('',#1318,#1318,#1320,.T.);
#1318 = VERTEX_POINT('',#1319);
#1319 = CARTESIAN_POINT('',(116.25,18.,3.));
#1320 = CIRCLE('',#1321,6.25);
#1321 = AXIS2_PLACEMENT_3D('',#1322,#1323,#1324);
#1322 = CARTESIAN_POINT('',(110.,18.,3.));
#1323 = DIRECTION('',(0.,0.,1.));
#1324 = DIRECTION('',(1.,0.,0.));
#1325 = FACE_BOUND('',#1326,.T.);
#1326 = EDGE_LOOP('',(#1327));
#1327 = ORIENTED_EDGE('',*,*,#1328,.F.);
#1328 = EDGE_CURVE('',#1329,#1329,#1331,.T.);
#1329 = VERTEX_POINT('',#1330);
#1330 = CARTESIAN_POINT('',(150.4,5.,3.));
#1331 = CIRCLE('',#1332,3.4);
#1332 = AXIS2_PLACEMENT_3D('',#1333,#1334,#1335);
#1333 = CARTESIAN_POINT('',(147.,5.,3.));
#1334 = DIRECTION('',(0.,0.,1.));
#1335 = DIRECTION('',(1.,0.,0.));
#1336 = FACE_BOUND('',#1337,.T.);
#1337 = EDGE_LOOP('',(#1338));
#1338 = ORIENTED_EDGE('',*,*,#1339,.F.);
#1339 = EDGE_CURVE('',#1340,#1340,#1342,.T.);
#1340 = VERTEX_POINT('',#1341);
#1341 = CARTESIAN_POINT('',(138.25,18.,3.));
#1342 = CIRCLE('',#1343,6.25);
#1343 = AXIS2_PLACEMENT_3D('',#1344,#1345,#1346);
#1344 = CARTESIAN_POINT('',(132.,18.,3.));
#1345 = DIRECTION('',(0.,0.,1.));
#1346 = DIRECTION('',(1.,0.,0.));
#1347 = FACE_BOUND('',#1348,.T.);
#1348 = EDGE_LOOP('',(#1349));
#1349 = ORIENTED_EDGE('',*,*,#1350,.F.);
#1350 = EDGE_CURVE('',#1351,#1351,#1353,.T.);
#1351 = VERTEX_POINT('',#1352);
#1352 = CARTESIAN_POINT('',(90.9,33.,3.));
#1353 = CIRCLE('',#1354,2.9);
#1354 = AXIS2_PLACEMENT_3D('',#1355,#1356,#1357);
#1355 = CARTESIAN_POINT('',(88.,33.,3.));
#1356 = DIRECTION('',(0.,0.,1.));
#1357 = DIRECTION('',(1.,0.,0.));
#1358 = FACE_BOUND('',#1359,.T.);
#1359 = EDGE_LOOP('',(#1360));
#1360 = ORIENTED_EDGE('',*,*,#1361,.F.);
#1361 = EDGE_CURVE('',#1362,#1362,#1364,.T.);
#1362 = VERTEX_POINT('',#1363);
#1363 = CARTESIAN_POINT('',(112.9,33.,3.));
#1364 = CIRCLE('',#1365,2.9);
#1365 = AXIS2_PLACEMENT_3D('',#1366,#1367,#1368);
#1366 = CARTESIAN_POINT('',(110.,33.,3.));
#1367 = DIRECTION('',(0.,0.,1.));
#1368 = DIRECTION('',(1.,0.,0.));
#1369 = FACE_BOUND('',#1370,.T.);
#1370 = EDGE_LOOP('',(#1371));
#1371 = ORIENTED_EDGE('',*,*,#1372,.F.);
#1372 = EDGE_CURVE('',#1373,#1373,#1375,.T.);
#1373 = VERTEX_POINT('',#1374);
#1374 = CARTESIAN_POINT('',(134.9,33.,3.));
#1375 = CIRCLE('',#1376,2.9);
#1376 = AXIS2_PLACEMENT_3D('',#1377,#1378,#1379);
#1377 = CARTESIAN_POINT('',(132.,33.,3.));
#1378 = DIRECTION('',(0.,0.,1.));
#1379 = DIRECTION('',(1.,0.,0.));
#1380 = FACE_BOUND('',#1381,.T.);
#1381 = EDGE_LOOP('',(#1382));
#1382 = ORIENTED_EDGE('',*,*,#1383,.F.);
#1383 = EDGE_CURVE('',#1384,#1384,#1386,.T.);
#1384 = VERTEX_POINT('',#1385);
#1385 = CARTESIAN_POINT('',(38.6,50.,3.));
#1386 = CIRCLE('',#1387,1.6);
#1387 = AXIS2_PLACEMENT_3D('',#1388,#1389,#1390);
#1388 = CARTESIAN_POINT('',(37.,50.,3.));
#1389 = DIRECTION('',(0.,0.,1.));
#1390 = DIRECTION('',(1.,0.,0.));
#1391 = FACE_BOUND('',#1392,.T.);
#1392 = EDGE_LOOP('',(#1393));
#1393 = ORIENTED_EDGE('',*,*,#1394,.F.);
#1394 = EDGE_CURVE('',#1395,#1395,#1397,.T.);
#1395 = VERTEX_POINT('',#1396);
#1396 = CARTESIAN_POINT('',(14.6,54.,3.));
#1397 = CIRCLE('',#1398,1.6);
#1398 = AXIS2_PLACEMENT_3D('',#1399,#1400,#1401);
#1399 = CARTESIAN_POINT('',(13.,54.,3.));
#1400 = DIRECTION('',(0.,0.,1.));
#1401 = DIRECTION('',(1.,0.,0.));
#1402 = FACE_BOUND('',#1403,.T.);
#1403 = EDGE_LOOP('',(#1404));
#1404 = ORIENTED_EDGE('',*,*,#1405,.F.);
#1405 = EDGE_CURVE('',#1406,#1406,#1408,.T.);
#1406 = VERTEX_POINT('',#1407);
#1407 = CARTESIAN_POINT('',(28.6,54.,3.));
#1408 = CIRCLE('',#1409,1.6);
#1409 = AXIS2_PLACEMENT_3D('',#1410,#1411,#1412);
#1410 = CARTESIAN_POINT('',(27.,54.,3.));
#1411 = DIRECTION('',(0.,0.,1.));
#1412 = DIRECTION('',(1.,0.,0.));
#1413 = FACE_BOUND('',#1414,.T.);
#1414 = EDGE_LOOP('',(#1415,#1425,#1434,#1442,#1451,#1459,#1468,#1476));
#1415 = ORIENTED_EDGE('',*,*,#1416,.F.);
#1416 = EDGE_CURVE('',#1417,#1419,#1421,.T.);
#1417 = VERTEX_POINT('',#1418);
#1418 = CARTESIAN_POINT('',(12.,73.,3.));
#1419 = VERTEX_POINT('',#1420);
#1420 = CARTESIAN_POINT('',(12.,61.,3.));
#1421 = LINE('',#1422,#1423);
#1422 = CARTESIAN_POINT('',(12.,73.,3.));
#1423 = VECTOR('',#1424,1.);
#1424 = DIRECTION('',(0.,-1.,0.));
#1425 = ORIENTED_EDGE('',*,*,#1426,.F.);
#1426 = EDGE_CURVE('',#1427,#1417,#1429,.T.);
#1427 = VERTEX_POINT('',#1428);
#1428 = CARTESIAN_POINT('',(13.,74.,3.));
#1429 = CIRCLE('',#1430,1.);
#1430 = AXIS2_PLACEMENT_3D('',#1431,#1432,#1433);
#1431 = CARTESIAN_POINT('',(13.,73.,3.));
#1432 = DIRECTION('',(0.,0.,1.));
#1433 = DIRECTION('',(1.,0.,0.));
#1434 = ORIENTED_EDGE('',*,*,#1435,.F.);
#1435 = EDGE_CURVE('',#1436,#1427,#1438,.T.);
#1436 = VERTEX_POINT('',#1437);
#1437 = CARTESIAN_POINT('',(27.,74.,3.));
#1438 = LINE('',#1439,#1440);
#1439 = CARTESIAN_POINT('',(27.,74.,3.));
#1440 = VECTOR('',#1441,1.);
#1441 = DIRECTION('',(-1.,0.,0.));
#1442 = ORIENTED_EDGE('',*,*,#1443,.F.);
#1443 = EDGE_CURVE('',#1444,#1436,#1446,.T.);
#1444 = VERTEX_POINT('',#1445);
#1445 = CARTESIAN_POINT('',(28.,73.,3.));
#1446 = CIRCLE('',#1447,1.);
#1447 = AXIS2_PLACEMENT_3D('',#1448,#1449,#1450);
#1448 = CARTESIAN_POINT('',(27.,73.,3.));
#1449 = DIRECTION('',(0.,0.,1.));
#1450 = DIRECTION('',(1.,0.,0.));
#1451 = ORIENTED_EDGE('',*,*,#1452,.F.);
#1452 = EDGE_CURVE('',#1453,#1444,#1455,.T.);
#1453 = VERTEX_POINT('',#1454);
#1454 = CARTESIAN_POINT('',(28.,61.,3.));
#1455 = LINE('',#1456,#1457);
#1456 = CARTESIAN_POINT('',(28.,61.,3.));
#1457 = VECTOR('',#1458,1.);
#1458 = DIRECTION('',(0.,1.,0.));
#1459 = ORIENTED_EDGE('',*,*,#1460,.F.);
#1460 = EDGE_CURVE('',#1461,#1453,#1463,.T.);
#1461 = VERTEX_POINT('',#1462);
#1462 = CARTESIAN_POINT('',(27.,60.,3.));
#1463 = CIRCLE('',#1464,1.);
#1464 = AXIS2_PLACEMENT_3D('',#1465,#1466,#1467);
#1465 = CARTESIAN_POINT('',(27.,61.,3.));
#1466 = DIRECTION('',(0.,0.,1.));
#1467 = DIRECTION('',(1.,0.,0.));
#1468 = ORIENTED_EDGE('',*,*,#1469,.F.);
#1469 = EDGE_CURVE('',#1470,#1461,#1472,.T.);
#1470 = VERTEX_POINT('',#1471);
#1471 = CARTESIAN_POINT('',(13.,60.,3.));
#1472 = LINE('',#1473,#1474);
#1473 = CARTESIAN_POINT('',(13.,60.,3.));
#1474 = VECTOR('',#1475,1.);
#1475 = DIRECTION('',(1.,0.,0.));
#1476 = ORIENTED_EDGE('',*,*,#1477,.F.);
#1477 = EDGE_CURVE('',#1419,#1470,#1478,.T.);
#1478 = CIRCLE('',#1479,1.);
#1479 = AXIS2_PLACEMENT_3D('',#1480,#1481,#1482);
#1480 = CARTESIAN_POINT('',(13.,61.,3.));
#1481 = DIRECTION('',(0.,0.,1.));
#1482 = DIRECTION('',(1.,0.,0.));
#1483 = FACE_BOUND('',#1484,.T.);
#1484 = EDGE_LOOP('',(#1485));
#1485 = ORIENTED_EDGE('',*,*,#1486,.F.);
#1486 = EDGE_CURVE('',#1487,#1487,#1489,.T.);
#1487 = VERTEX_POINT('',#1488);
#1488 = CARTESIAN_POINT('',(38.6,71.,3.));
#1489 = CIRCLE('',#1490,1.6);
#1490 = AXIS2_PLACEMENT_3D('',#1491,#1492,#1493);
#1491 = CARTESIAN_POINT('',(37.,71.,3.));
#1492 = DIRECTION('',(0.,0.,1.));
#1493 = DIRECTION('',(1.,0.,0.));
#1494 = FACE_BOUND('',#1495,.T.);
#1495 = EDGE_LOOP('',(#1496));
#1496 = ORIENTED_EDGE('',*,*,#1497,.F.);
#1497 = EDGE_CURVE('',#1498,#1498,#1500,.T.);
#1498 = VERTEX_POINT('',#1499);
#1499 = CARTESIAN_POINT('',(8.4,79.,3.));
#1500 = CIRCLE('',#1501,3.4);
#1501 = AXIS2_PLACEMENT_3D('',#1502,#1503,#1504);
#1502 = CARTESIAN_POINT('',(5.,79.,3.));
#1503 = DIRECTION('',(0.,0.,1.));
#1504 = DIRECTION('',(1.,0.,0.));
#1505 = FACE_BOUND('',#1506,.T.);
#1506 = EDGE_LOOP('',(#1507));
#1507 = ORIENTED_EDGE('',*,*,#1508,.F.);
#1508 = EDGE_CURVE('',#1509,#1509,#1511,.T.);
#1509 = VERTEX_POINT('',#1510);
#1510 = CARTESIAN_POINT('',(14.6,78.,3.));
#1511 = CIRCLE('',#1512,1.6);
#1512 = AXIS2_PLACEMENT_3D('',#1513,#1514,#1515);
#1513 = CARTESIAN_POINT('',(13.,78.,3.));
#1514 = DIRECTION('',(0.,0.,1.));
#1515 = DIRECTION('',(1.,0.,0.));
#1516 = FACE_BOUND('',#1517,.T.);
#1517 = EDGE_LOOP('',(#1518));
#1518 = ORIENTED_EDGE('',*,*,#1519,.F.);
#1519 = EDGE_CURVE('',#1520,#1520,#1522,.T.);
#1520 = VERTEX_POINT('',#1521);
#1521 = CARTESIAN_POINT('',(28.6,78.,3.));
#1522 = CIRCLE('',#1523,1.6);
#1523 = AXIS2_PLACEMENT_3D('',#1524,#1525,#1526);
#1524 = CARTESIAN_POINT('',(27.,78.,3.));
#1525 = DIRECTION('',(0.,0.,1.));
#1526 = DIRECTION('',(1.,0.,0.));
#1527 = FACE_BOUND('',#1528,.T.);
#1528 = EDGE_LOOP('',(#1529,#1539,#1548,#1556,#1565,#1573,#1582,#1590));
#1529 = ORIENTED_EDGE('',*,*,#1530,.F.);
#1530 = EDGE_CURVE('',#1531,#1533,#1535,.T.);
#1531 = VERTEX_POINT('',#1532);
#1532 = CARTESIAN_POINT('',(40.5,47.,3.));
#1533 = VERTEX_POINT('',#1534);
#1534 = CARTESIAN_POINT('',(111.5,47.,3.));
#1535 = LINE('',#1536,#1537);
#1536 = CARTESIAN_POINT('',(40.5,47.,3.));
#1537 = VECTOR('',#1538,1.);
#1538 = DIRECTION('',(1.,0.,0.));
#1539 = ORIENTED_EDGE('',*,*,#1540,.F.);
#1540 = EDGE_CURVE('',#1541,#1531,#1543,.T.);
#1541 = VERTEX_POINT('',#1542);
#1542 = CARTESIAN_POINT('',(39.5,48.,3.));
#1543 = CIRCLE('',#1544,1.);
#1544 = AXIS2_PLACEMENT_3D('',#1545,#1546,#1547);
#1545 = CARTESIAN_POINT('',(40.5,48.,3.));
#1546 = DIRECTION('',(0.,0.,1.));
#1547 = DIRECTION('',(1.,0.,0.));
#1548 = ORIENTED_EDGE('',*,*,#1549,.F.);
#1549 = EDGE_CURVE('',#1550,#1541,#1552,.T.);
#1550 = VERTEX_POINT('',#1551);
#1551 = CARTESIAN_POINT('',(39.5,73.,3.));
#1552 = LINE('',#1553,#1554);
#1553 = CARTESIAN_POINT('',(39.5,73.,3.));
#1554 = VECTOR('',#1555,1.);
#1555 = DIRECTION('',(0.,-1.,0.));
#1556 = ORIENTED_EDGE('',*,*,#1557,.F.);
#1557 = EDGE_CURVE('',#1558,#1550,#1560,.T.);
#1558 = VERTEX_POINT('',#1559);
#1559 = CARTESIAN_POINT('',(40.5,74.,3.));
#1560 = CIRCLE('',#1561,1.);
#1561 = AXIS2_PLACEMENT_3D('',#1562,#1563,#1564);
#1562 = CARTESIAN_POINT('',(40.5,73.,3.));
#1563 = DIRECTION('',(0.,0.,1.));
#1564 = DIRECTION('',(1.,0.,0.));
#1565 = ORIENTED_EDGE('',*,*,#1566,.F.);
#1566 = EDGE_CURVE('',#1567,#1558,#1569,.T.);
#1567 = VERTEX_POINT('',#1568);
#1568 = CARTESIAN_POINT('',(111.5,74.,3.));
#1569 = LINE('',#1570,#1571);
#1570 = CARTESIAN_POINT('',(111.5,74.,3.));
#1571 = VECTOR('',#1572,1.);
#1572 = DIRECTION('',(-1.,0.,0.));
#1573 = ORIENTED_EDGE('',*,*,#1574,.F.);
#1574 = EDGE_CURVE('',#1575,#1567,#1577,.T.);
#1575 = VERTEX_POINT('',#1576);
#1576 = CARTESIAN_POINT('',(112.5,73.,3.));
#1577 = CIRCLE('',#1578,1.);
#1578 = AXIS2_PLACEMENT_3D('',#1579,#1580,#1581);
#1579 = CARTESIAN_POINT('',(111.5,73.,3.));
#1580 = DIRECTION('',(0.,0.,1.));
#1581 = DIRECTION('',(1.,0.,0.));
#1582 = ORIENTED_EDGE('',*,*,#1583,.F.);
#1583 = EDGE_CURVE('',#1584,#1575,#1586,.T.);
#1584 = VERTEX_POINT('',#1585);
#1585 = CARTESIAN_POINT('',(112.5,48.,3.));
#1586 = LINE('',#1587,#1588);
#1587 = CARTESIAN_POINT('',(112.5,48.,3.));
#1588 = VECTOR('',#1589,1.);
#1589 = DIRECTION('',(0.,1.,0.));
#1590 = ORIENTED_EDGE('',*,*,#1591,.F.);
#1591 = EDGE_CURVE('',#1533,#1584,#1592,.T.);
#1592 = CIRCLE('',#1593,1.);
#1593 = AXIS2_PLACEMENT_3D('',#1594,#1595,#1596);
#1594 = CARTESIAN_POINT('',(111.5,48.,3.));
#1595 = DIRECTION('',(0.,0.,1.));
#1596 = DIRECTION('',(1.,0.,0.));
#1597 = FACE_BOUND('',#1598,.T.);
#1598 = EDGE_LOOP('',(#1599));
#1599 = ORIENTED_EDGE('',*,*,#1600,.F.);
#1600 = EDGE_CURVE('',#1601,#1601,#1603,.T.);
#1601 = VERTEX_POINT('',#1602);
#1602 = CARTESIAN_POINT('',(116.6,50.,3.));
#1603 = CIRCLE('',#1604,1.6);
#1604 = AXIS2_PLACEMENT_3D('',#1605,#1606,#1607);
#1605 = CARTESIAN_POINT('',(115.,50.,3.));
#1606 = DIRECTION('',(0.,0.,1.));
#1607 = DIRECTION('',(1.,0.,0.));
#1608 = FACE_BOUND('',#1609,.T.);
#1609 = EDGE_LOOP('',(#1610));
#1610 = ORIENTED_EDGE('',*,*,#1611,.F.);
#1611 = EDGE_CURVE('',#1612,#1612,#1614,.T.);
#1612 = VERTEX_POINT('',#1613);
#1613 = CARTESIAN_POINT('',(136.8,56.,3.));
#1614 = CIRCLE('',#1615,4.8);
#1615 = AXIS2_PLACEMENT_3D('',#1616,#1617,#1618);
#1616 = CARTESIAN_POINT('',(132.,56.,3.));
#1617 = DIRECTION('',(0.,0.,1.));
#1618 = DIRECTION('',(1.,0.,0.));
#1619 = FACE_BOUND('',#1620,.T.);
#1620 = EDGE_LOOP('',(#1621));
#1621 = ORIENTED_EDGE('',*,*,#1622,.F.);
#1622 = EDGE_CURVE('',#1623,#1623,#1625,.T.);
#1623 = VERTEX_POINT('',#1624);
#1624 = CARTESIAN_POINT('',(143.1,56.,3.));
#1625 = CIRCLE('',#1626,1.6);
#1626 = AXIS2_PLACEMENT_3D('',#1627,#1628,#1629);
#1627 = CARTESIAN_POINT('',(141.5,56.,3.));
#1628 = DIRECTION('',(0.,0.,1.));
#1629 = DIRECTION('',(1.,0.,0.));
#1630 = FACE_BOUND('',#1631,.T.);
#1631 = EDGE_LOOP('',(#1632));
#1632 = ORIENTED_EDGE('',*,*,#1633,.F.);
#1633 = EDGE_CURVE('',#1634,#1634,#1636,.T.);
#1634 = VERTEX_POINT('',#1635);
#1635 = CARTESIAN_POINT('',(116.6,71.,3.));
#1636 = CIRCLE('',#1637,1.6);
#1637 = AXIS2_PLACEMENT_3D('',#1638,#1639,#1640);
#1638 = CARTESIAN_POINT('',(115.,71.,3.));
#1639 = DIRECTION('',(0.,0.,1.));
#1640 = DIRECTION('',(1.,0.,0.));
#1641 = FACE_BOUND('',#1642,.T.);
#1642 = EDGE_LOOP('',(#1643));
#1643 = ORIENTED_EDGE('',*,*,#1644,.F.);
#1644 = EDGE_CURVE('',#1645,#1645,#1647,.T.);
#1645 = VERTEX_POINT('',#1646);
#1646 = CARTESIAN_POINT('',(150.4,79.,3.));
#1647 = CIRCLE('',#1648,3.4);
#1648 = AXIS2_PLACEMENT_3D('',#1649,#1650,#1651);
#1649 = CARTESIAN_POINT('',(147.,79.,3.));
#1650 = DIRECTION('',(0.,0.,1.));
#1651 = DIRECTION('',(1.,0.,0.));
#1652 = PLANE('',#1653);
#1653 = AXIS2_PLACEMENT_3D('',#1654,#1655,#1656);
#1654 = CARTESIAN_POINT('',(76.,42.,3.));
#1655 = DIRECTION('',(0.,0.,1.));
#1656 = DIRECTION('',(1.,0.,0.));
#1657 = ADVANCED_FACE('',(#1658),#1669,.F.);
#1658 = FACE_BOUND('',#1659,.F.);
#1659 = EDGE_LOOP('',(#1660,#1666,#1667,#1668));
#1660 = ORIENTED_EDGE('',*,*,#1661,.T.);
#1661 = EDGE_CURVE('',#155,#976,#1662,.T.);
#1662 = LINE('',#1663,#1664);
#1663 = CARTESIAN_POINT('',(0.,80.,0.));
#1664 = VECTOR('',#1665,1.);
#1665 = DIRECTION('',(0.,0.,1.));
#1666 = ORIENTED_EDGE('',*,*,#984,.T.);
#1667 = ORIENTED_EDGE('',*,*,#61,.F.);
#1668 = ORIENTED_EDGE('',*,*,#163,.F.);
#1669 = PLANE('',#1670);
#1670 = AXIS2_PLACEMENT_3D('',#1671,#1672,#1673);
#1671 = CARTESIAN_POINT('',(0.,80.,0.));
#1672 = DIRECTION('',(1.,0.,0.));
#1673 = DIRECTION('',(0.,-1.,0.));
#1674 = ADVANCED_FACE('',(#1675),#1686,.F.);
#1675 = FACE_BOUND('',#1676,.F.);
#1676 = EDGE_LOOP('',(#1677,#1678,#1679,#1685));
#1677 = ORIENTED_EDGE('',*,*,#104,.T.);
#1678 = ORIENTED_EDGE('',*,*,#950,.T.);
#1679 = ORIENTED_EDGE('',*,*,#1680,.F.);
#1680 = EDGE_CURVE('',#130,#951,#1681,.T.);
#1681 = LINE('',#1682,#1683);
#1682 = CARTESIAN_POINT('',(152.,80.,0.));
#1683 = VECTOR('',#1684,1.);
#1684 = DIRECTION('',(0.,0.,1.));
#1685 = ORIENTED_EDGE('',*,*,#129,.F.);
#1686 = PLANE('',#1687);
#1687 = AXIS2_PLACEMENT_3D('',#1688,#1689,#1690);
#1688 = CARTESIAN_POINT('',(152.,4.,0.));
#1689 = DIRECTION('',(-1.,0.,0.));
#1690 = DIRECTION('',(0.,1.,0.));
#1691 = ADVANCED_FACE('',(#1692),#1703,.T.);
#1692 = FACE_BOUND('',#1693,.F.);
#1693 = EDGE_LOOP('',(#1694,#1700,#1701,#1702));
#1694 = ORIENTED_EDGE('',*,*,#1695,.T.);
#1695 = EDGE_CURVE('',#147,#968,#1696,.T.);
#1696 = LINE('',#1697,#1698);
#1697 = CARTESIAN_POINT('',(4.,84.,0.));
#1698 = VECTOR('',#1699,1.);
#1699 = DIRECTION('',(0.,0.,1.));
#1700 = ORIENTED_EDGE('',*,*,#975,.T.);
#1701 = ORIENTED_EDGE('',*,*,#1661,.F.);
#1702 = ORIENTED_EDGE('',*,*,#154,.F.);
#1703 = CYLINDRICAL_SURFACE('',#1704,4.);
#1704 = AXIS2_PLACEMENT_3D('',#1705,#1706,#1707);
#1705 = CARTESIAN_POINT('',(4.,80.,0.));
#1706 = DIRECTION('',(-0.,-0.,-1.));
#1707 = DIRECTION('',(1.,0.,0.));
#1708 = ADVANCED_FACE('',(#1709),#1720,.T.);
#1709 = FACE_BOUND('',#1710,.F.);
#1710 = EDGE_LOOP('',(#1711,#1712,#1713,#1719));
#1711 = ORIENTED_EDGE('',*,*,#1680,.T.);
#1712 = ORIENTED_EDGE('',*,*,#958,.T.);
#1713 = ORIENTED_EDGE('',*,*,#1714,.F.);
#1714 = EDGE_CURVE('',#138,#959,#1715,.T.);
#1715 = LINE('',#1716,#1717);
#1716 = CARTESIAN_POINT('',(148.,84.,0.));
#1717 = VECTOR('',#1718,1.);
#1718 = DIRECTION('',(0.,0.,1.));
#1719 = ORIENTED_EDGE('',*,*,#137,.F.);
#1720 = CYLINDRICAL_SURFACE('',#1721,4.);
#1721 = AXIS2_PLACEMENT_3D('',#1722,#1723,#1724);
#1722 = CARTESIAN_POINT('',(148.,80.,0.));
#1723 = DIRECTION('',(-0.,-0.,-1.));
#1724 = DIRECTION('',(1.,0.,0.));
#1725 = ADVANCED_FACE('',(#1726),#1732,.F.);
#1726 = FACE_BOUND('',#1727,.F.);
#1727 = EDGE_LOOP('',(#1728,#1729,#1730,#1731));
#1728 = ORIENTED_EDGE('',*,*,#1714,.T.);
#1729 = ORIENTED_EDGE('',*,*,#967,.T.);
#1730 = ORIENTED_EDGE('',*,*,#1695,.F.);
#1731 = ORIENTED_EDGE('',*,*,#146,.F.);
#1732 = PLANE('',#1733);
#1733 = AXIS2_PLACEMENT_3D('',#1734,#1735,#1736);
#1734 = CARTESIAN_POINT('',(148.,84.,0.));
#1735 = DIRECTION('',(0.,-1.,0.));
#1736 = DIRECTION('',(-1.,0.,0.));
#1737 = ADVANCED_FACE('',(#1738),#1757,.F.);
#1738 = FACE_BOUND('',#1739,.T.);
#1739 = EDGE_LOOP('',(#1740,#1748,#1755,#1756));
#1740 = ORIENTED_EDGE('',*,*,#1741,.F.);
#1741 = EDGE_CURVE('',#1742,#173,#1744,.T.);
#1742 = VERTEX_POINT('',#1743);
#1743 = CARTESIAN_POINT('',(6.7,5.,1.3));
#1744 = LINE('',#1745,#1746);
#1745 = CARTESIAN_POINT('',(6.7,5.,1.3));
#1746 = VECTOR('',#1747,1.);
#1747 = DIRECTION('',(-6.670867959121E-17,0.,-1.));
#1748 = ORIENTED_EDGE('',*,*,#1749,.T.);
#1749 = EDGE_CURVE('',#1742,#1742,#1750,.T.);
#1750 = CIRCLE('',#1751,1.7);
#1751 = AXIS2_PLACEMENT_3D('',#1752,#1753,#1754);
#1752 = CARTESIAN_POINT('',(5.,5.,1.3));
#1753 = DIRECTION('',(0.,0.,1.));
#1754 = DIRECTION('',(1.,0.,0.));
#1755 = ORIENTED_EDGE('',*,*,#1741,.T.);
#1756 = ORIENTED_EDGE('',*,*,#172,.T.);
#1757 = CYLINDRICAL_SURFACE('',#1758,1.7);
#1758 = AXIS2_PLACEMENT_3D('',#1759,#1760,#1761);
#1759 = CARTESIAN_POINT('',(5.,5.,1.3));
#1760 = DIRECTION('',(-0.,-0.,-1.));
#1761 = DIRECTION('',(1.,0.,0.));
#1762 = ADVANCED_FACE('',(#1763),#1774,.F.);
#1763 = FACE_BOUND('',#1764,.F.);
#1764 = EDGE_LOOP('',(#1765,#1766,#1772,#1773));
#1765 = ORIENTED_EDGE('',*,*,#1004,.F.);
#1766 = ORIENTED_EDGE('',*,*,#1767,.T.);
#1767 = EDGE_CURVE('',#1005,#184,#1768,.T.);
#1768 = LINE('',#1769,#1770);
#1769 = CARTESIAN_POINT('',(14.6,6.,3.));
#1770 = VECTOR('',#1771,1.);
#1771 = DIRECTION('',(-0.,-0.,-1.));
#1772 = ORIENTED_EDGE('',*,*,#183,.T.);
#1773 = ORIENTED_EDGE('',*,*,#1767,.F.);
#1774 = CYLINDRICAL_SURFACE('',#1775,1.6);
#1775 = AXIS2_PLACEMENT_3D('',#1776,#1777,#1778);
#1776 = CARTESIAN_POINT('',(13.,6.,3.));
#1777 = DIRECTION('',(0.,0.,1.));
#1778 = DIRECTION('',(1.,0.,0.));
#1779 = ADVANCED_FACE('',(#1780),#1791,.F.);
#1780 = FACE_BOUND('',#1781,.F.);
#1781 = EDGE_LOOP('',(#1782,#1783,#1789,#1790));
#1782 = ORIENTED_EDGE('',*,*,#1015,.F.);
#1783 = ORIENTED_EDGE('',*,*,#1784,.T.);
#1784 = EDGE_CURVE('',#1016,#195,#1785,.T.);
#1785 = LINE('',#1786,#1787);
#1786 = CARTESIAN_POINT('',(28.6,6.,3.));
#1787 = VECTOR('',#1788,1.);
#1788 = DIRECTION('',(-0.,-0.,-1.));
#1789 = ORIENTED_EDGE('',*,*,#194,.T.);
#1790 = ORIENTED_EDGE('',*,*,#1784,.F.);
#1791 = CYLINDRICAL_SURFACE('',#1792,1.6);
#1792 = AXIS2_PLACEMENT_3D('',#1793,#1794,#1795);
#1793 = CARTESIAN_POINT('',(27.,6.,3.));
#1794 = DIRECTION('',(0.,0.,1.));
#1795 = DIRECTION('',(1.,0.,0.));
#1796 = ADVANCED_FACE('',(#1797),#1813,.F.);
#1797 = FACE_BOUND('',#1798,.F.);
#1798 = EDGE_LOOP('',(#1799,#1800,#1806,#1807));
#1799 = ORIENTED_EDGE('',*,*,#1026,.F.);
#1800 = ORIENTED_EDGE('',*,*,#1801,.T.);
#1801 = EDGE_CURVE('',#1027,#206,#1802,.T.);
#1802 = LINE('',#1803,#1804);
#1803 = CARTESIAN_POINT('',(12.,23.,3.));
#1804 = VECTOR('',#1805,1.);
#1805 = DIRECTION('',(-0.,-0.,-1.));
#1806 = ORIENTED_EDGE('',*,*,#205,.T.);
#1807 = ORIENTED_EDGE('',*,*,#1808,.F.);
#1808 = EDGE_CURVE('',#1029,#208,#1809,.T.);
#1809 = LINE('',#1810,#1811);
#1810 = CARTESIAN_POINT('',(12.,11.,3.));
#1811 = VECTOR('',#1812,1.);
#1812 = DIRECTION('',(-0.,-0.,-1.));
#1813 = PLANE('',#1814);
#1814 = AXIS2_PLACEMENT_3D('',#1815,#1816,#1817);
#1815 = CARTESIAN_POINT('',(12.,23.,3.));
#1816 = DIRECTION('',(-1.,0.,0.));
#1817 = DIRECTION('',(0.,-1.,0.));
#1818 = ADVANCED_FACE('',(#1819),#1830,.F.);
#1819 = FACE_BOUND('',#1820,.F.);
#1820 = EDGE_LOOP('',(#1821,#1822,#1828,#1829));
#1821 = ORIENTED_EDGE('',*,*,#1036,.F.);
#1822 = ORIENTED_EDGE('',*,*,#1823,.T.);
#1823 = EDGE_CURVE('',#1037,#216,#1824,.T.);
#1824 = LINE('',#1825,#1826);
#1825 = CARTESIAN_POINT('',(13.,24.,3.));
#1826 = VECTOR('',#1827,1.);
#1827 = DIRECTION('',(-0.,-0.,-1.));
#1828 = ORIENTED_EDGE('',*,*,#215,.T.);
#1829 = ORIENTED_EDGE('',*,*,#1801,.F.);
#1830 = CYLINDRICAL_SURFACE('',#1831,1.);
#1831 = AXIS2_PLACEMENT_3D('',#1832,#1833,#1834);
#1832 = CARTESIAN_POINT('',(13.,23.,3.));
#1833 = DIRECTION('',(0.,0.,1.));
#1834 = DIRECTION('',(1.,0.,0.));
#1835 = ADVANCED_FACE('',(#1836),#1847,.F.);
#1836 = FACE_BOUND('',#1837,.F.);
#1837 = EDGE_LOOP('',(#1838,#1839,#1840,#1841));
#1838 = ORIENTED_EDGE('',*,*,#1087,.F.);
#1839 = ORIENTED_EDGE('',*,*,#1808,.T.);
#1840 = ORIENTED_EDGE('',*,*,#266,.T.);
#1841 = ORIENTED_EDGE('',*,*,#1842,.F.);
#1842 = EDGE_CURVE('',#1080,#259,#1843,.T.);
#1843 = LINE('',#1844,#1845);
#1844 = CARTESIAN_POINT('',(13.,10.,3.));
#1845 = VECTOR('',#1846,1.);
#1846 = DIRECTION('',(-0.,-0.,-1.));
#1847 = CYLINDRICAL_SURFACE('',#1848,1.);
#1848 = AXIS2_PLACEMENT_3D('',#1849,#1850,#1851);
#1849 = CARTESIAN_POINT('',(13.,11.,3.));
#1850 = DIRECTION('',(0.,0.,1.));
#1851 = DIRECTION('',(1.,0.,0.));
#1852 = ADVANCED_FACE('',(#1853),#1864,.F.);
#1853 = FACE_BOUND('',#1854,.F.);
#1854 = EDGE_LOOP('',(#1855,#1856,#1862,#1863));
#1855 = ORIENTED_EDGE('',*,*,#1045,.F.);
#1856 = ORIENTED_EDGE('',*,*,#1857,.T.);
#1857 = EDGE_CURVE('',#1046,#225,#1858,.T.);
#1858 = LINE('',#1859,#1860);
#1859 = CARTESIAN_POINT('',(27.,24.,3.));
#1860 = VECTOR('',#1861,1.);
#1861 = DIRECTION('',(-0.,-0.,-1.));
#1862 = ORIENTED_EDGE('',*,*,#224,.T.);
#1863 = ORIENTED_EDGE('',*,*,#1823,.F.);
#1864 = PLANE('',#1865);
#1865 = AXIS2_PLACEMENT_3D('',#1866,#1867,#1868);
#1866 = CARTESIAN_POINT('',(27.,24.,3.));
#1867 = DIRECTION('',(0.,1.,0.));
#1868 = DIRECTION('',(-1.,0.,0.));
#1869 = ADVANCED_FACE('',(#1870),#1881,.F.);
#1870 = FACE_BOUND('',#1871,.F.);
#1871 = EDGE_LOOP('',(#1872,#1873,#1874,#1875));
#1872 = ORIENTED_EDGE('',*,*,#1079,.F.);
#1873 = ORIENTED_EDGE('',*,*,#1842,.T.);
#1874 = ORIENTED_EDGE('',*,*,#258,.T.);
#1875 = ORIENTED_EDGE('',*,*,#1876,.F.);
#1876 = EDGE_CURVE('',#1071,#250,#1877,.T.);
#1877 = LINE('',#1878,#1879);
#1878 = CARTESIAN_POINT('',(27.,10.,3.));
#1879 = VECTOR('',#1880,1.);
#1880 = DIRECTION('',(-0.,-0.,-1.));
#1881 = PLANE('',#1882);
#1882 = AXIS2_PLACEMENT_3D('',#1883,#1884,#1885);
#1883 = CARTESIAN_POINT('',(13.,10.,3.));
#1884 = DIRECTION('',(0.,-1.,0.));
#1885 = DIRECTION('',(1.,0.,0.));
#1886 = ADVANCED_FACE('',(#1887),#1898,.F.);
#1887 = FACE_BOUND('',#1888,.F.);
#1888 = EDGE_LOOP('',(#1889,#1890,#1896,#1897));
#1889 = ORIENTED_EDGE('',*,*,#1053,.F.);
#1890 = ORIENTED_EDGE('',*,*,#1891,.T.);
#1891 = EDGE_CURVE('',#1054,#233,#1892,.T.);
#1892 = LINE('',#1893,#1894);
#1893 = CARTESIAN_POINT('',(28.,23.,3.));
#1894 = VECTOR('',#1895,1.);
#1895 = DIRECTION('',(-0.,-0.,-1.));
#1896 = ORIENTED_EDGE('',*,*,#232,.T.);
#1897 = ORIENTED_EDGE('',*,*,#1857,.F.);
#1898 = CYLINDRICAL_SURFACE('',#1899,1.);
#1899 = AXIS2_PLACEMENT_3D('',#1900,#1901,#1902);
#1900 = CARTESIAN_POINT('',(27.,23.,3.));
#1901 = DIRECTION('',(0.,0.,1.));
#1902 = DIRECTION('',(1.,0.,0.));
#1903 = ADVANCED_FACE('',(#1904),#1915,.F.);
#1904 = FACE_BOUND('',#1905,.F.);
#1905 = EDGE_LOOP('',(#1906,#1907,#1908,#1909));
#1906 = ORIENTED_EDGE('',*,*,#1070,.F.);
#1907 = ORIENTED_EDGE('',*,*,#1876,.T.);
#1908 = ORIENTED_EDGE('',*,*,#249,.T.);
#1909 = ORIENTED_EDGE('',*,*,#1910,.F.);
#1910 = EDGE_CURVE('',#1063,#242,#1911,.T.);
#1911 = LINE('',#1912,#1913);
#1912 = CARTESIAN_POINT('',(28.,11.,3.));
#1913 = VECTOR('',#1914,1.);
#1914 = DIRECTION('',(-0.,-0.,-1.));
#1915 = CYLINDRICAL_SURFACE('',#1916,1.);
#1916 = AXIS2_PLACEMENT_3D('',#1917,#1918,#1919);
#1917 = CARTESIAN_POINT('',(27.,11.,3.));
#1918 = DIRECTION('',(0.,0.,1.));
#1919 = DIRECTION('',(1.,0.,0.));
#1920 = ADVANCED_FACE('',(#1921),#1927,.F.);
#1921 = FACE_BOUND('',#1922,.F.);
#1922 = EDGE_LOOP('',(#1923,#1924,#1925,#1926));
#1923 = ORIENTED_EDGE('',*,*,#1062,.F.);
#1924 = ORIENTED_EDGE('',*,*,#1910,.T.);
#1925 = ORIENTED_EDGE('',*,*,#241,.T.);
#1926 = ORIENTED_EDGE('',*,*,#1891,.F.);
#1927 = PLANE('',#1928);
#1928 = AXIS2_PLACEMENT_3D('',#1929,#1930,#1931);
#1929 = CARTESIAN_POINT('',(28.,11.,3.));
#1930 = DIRECTION('',(1.,0.,0.));
#1931 = DIRECTION('',(0.,1.,0.));
#1932 = ADVANCED_FACE('',(#1933),#1949,.F.);
#1933 = FACE_BOUND('',#1934,.F.);
#1934 = EDGE_LOOP('',(#1935,#1936,#1942,#1943));
#1935 = ORIENTED_EDGE('',*,*,#1132,.F.);
#1936 = ORIENTED_EDGE('',*,*,#1937,.T.);
#1937 = EDGE_CURVE('',#1133,#276,#1938,.T.);
#1938 = LINE('',#1939,#1940);
#1939 = CARTESIAN_POINT('',(51.,12.4,3.));
#1940 = VECTOR('',#1941,1.);
#1941 = DIRECTION('',(-0.,-0.,-1.));
#1942 = ORIENTED_EDGE('',*,*,#275,.T.);
#1943 = ORIENTED_EDGE('',*,*,#1944,.F.);
#1944 = EDGE_CURVE('',#1135,#278,#1945,.T.);
#1945 = LINE('',#1946,#1947);
#1946 = CARTESIAN_POINT('',(51.,11.6,3.));
#1947 = VECTOR('',#1948,1.);
#1948 = DIRECTION('',(-0.,-0.,-1.));
#1949 = CYLINDRICAL_SURFACE('',#1950,0.4);
#1950 = AXIS2_PLACEMENT_3D('',#1951,#1952,#1953);
#1951 = CARTESIAN_POINT('',(51.,12.,3.));
#1952 = DIRECTION('',(0.,0.,1.));
#1953 = DIRECTION('',(1.,0.,0.));
#1954 = ADVANCED_FACE('',(#1955),#1966,.T.);
#1955 = FACE_BOUND('',#1956,.T.);
#1956 = EDGE_LOOP('',(#1957,#1958,#1959,#1960));
#1957 = ORIENTED_EDGE('',*,*,#1143,.F.);
#1958 = ORIENTED_EDGE('',*,*,#1937,.T.);
#1959 = ORIENTED_EDGE('',*,*,#286,.T.);
#1960 = ORIENTED_EDGE('',*,*,#1961,.F.);
#1961 = EDGE_CURVE('',#1144,#287,#1962,.T.);
#1962 = LINE('',#1963,#1964);
#1963 = CARTESIAN_POINT('',(54.,12.4,3.));
#1964 = VECTOR('',#1965,1.);
#1965 = DIRECTION('',(-0.,-0.,-1.));
#1966 = PLANE('',#1967);
#1967 = AXIS2_PLACEMENT_3D('',#1968,#1969,#1970);
#1968 = CARTESIAN_POINT('',(51.,12.4,3.));
#1969 = DIRECTION('',(0.,-1.,0.));
#1970 = DIRECTION('',(1.,0.,0.));
#1971 = ADVANCED_FACE('',(#1972),#1983,.F.);
#1972 = FACE_BOUND('',#1973,.F.);
#1973 = EDGE_LOOP('',(#1974,#1975,#1976,#1977));
#1974 = ORIENTED_EDGE('',*,*,#1160,.F.);
#1975 = ORIENTED_EDGE('',*,*,#1944,.T.);
#1976 = ORIENTED_EDGE('',*,*,#303,.T.);
#1977 = ORIENTED_EDGE('',*,*,#1978,.F.);
#1978 = EDGE_CURVE('',#1152,#295,#1979,.T.);
#1979 = LINE('',#1980,#1981);
#1980 = CARTESIAN_POINT('',(54.,11.6,3.));
#1981 = VECTOR('',#1982,1.);
#1982 = DIRECTION('',(-0.,-0.,-1.));
#1983 = PLANE('',#1984);
#1984 = AXIS2_PLACEMENT_3D('',#1985,#1986,#1987);
#1985 = CARTESIAN_POINT('',(51.,11.6,3.));
#1986 = DIRECTION('',(0.,-1.,0.));
#1987 = DIRECTION('',(1.,0.,0.));
#1988 = ADVANCED_FACE('',(#1989),#1995,.F.);
#1989 = FACE_BOUND('',#1990,.F.);
#1990 = EDGE_LOOP('',(#1991,#1992,#1993,#1994));
#1991 = ORIENTED_EDGE('',*,*,#1151,.F.);
#1992 = ORIENTED_EDGE('',*,*,#1978,.T.);
#1993 = ORIENTED_EDGE('',*,*,#294,.T.);
#1994 = ORIENTED_EDGE('',*,*,#1961,.F.);
#1995 = CYLINDRICAL_SURFACE('',#1996,0.4);
#1996 = AXIS2_PLACEMENT_3D('',#1997,#1998,#1999);
#1997 = CARTESIAN_POINT('',(54.,12.,3.));
#1998 = DIRECTION('',(0.,0.,1.));
#1999 = DIRECTION('',(1.,0.,0.));
#2000 = ADVANCED_FACE('',(#2001),#2017,.F.);
#2001 = FACE_BOUND('',#2002,.F.);
#2002 = EDGE_LOOP('',(#2003,#2004,#2010,#2011));
#2003 = ORIENTED_EDGE('',*,*,#1096,.F.);
#2004 = ORIENTED_EDGE('',*,*,#2005,.T.);
#2005 = EDGE_CURVE('',#1097,#312,#2006,.T.);
#2006 = LINE('',#2007,#2008);
#2007 = CARTESIAN_POINT('',(53.5,10.4,3.));
#2008 = VECTOR('',#2009,1.);
#2009 = DIRECTION('',(-0.,-0.,-1.));
#2010 = ORIENTED_EDGE('',*,*,#311,.T.);
#2011 = ORIENTED_EDGE('',*,*,#2012,.F.);
#2012 = EDGE_CURVE('',#1099,#314,#2013,.T.);
#2013 = LINE('',#2014,#2015);
#2014 = CARTESIAN_POINT('',(53.5,9.6,3.));
#2015 = VECTOR('',#2016,1.);
#2016 = DIRECTION('',(-0.,-0.,-1.));
#2017 = CYLINDRICAL_SURFACE('',#2018,0.4);
#2018 = AXIS2_PLACEMENT_3D('',#2019,#2020,#2021);
#2019 = CARTESIAN_POINT('',(53.5,10.,3.));
#2020 = DIRECTION('',(0.,0.,1.));
#2021 = DIRECTION('',(1.,0.,0.));
#2022 = ADVANCED_FACE('',(#2023),#2034,.T.);
#2023 = FACE_BOUND('',#2024,.T.);
#2024 = EDGE_LOOP('',(#2025,#2026,#2027,#2028));
#2025 = ORIENTED_EDGE('',*,*,#1107,.F.);
#2026 = ORIENTED_EDGE('',*,*,#2005,.T.);
#2027 = ORIENTED_EDGE('',*,*,#322,.T.);
#2028 = ORIENTED_EDGE('',*,*,#2029,.F.);
#2029 = EDGE_CURVE('',#1108,#323,#2030,.T.);
#2030 = LINE('',#2031,#2032);
#2031 = CARTESIAN_POINT('',(56.5,10.4,3.));
#2032 = VECTOR('',#2033,1.);
#2033 = DIRECTION('',(-0.,-0.,-1.));
#2034 = PLANE('',#2035);
#2035 = AXIS2_PLACEMENT_3D('',#2036,#2037,#2038);
#2036 = CARTESIAN_POINT('',(53.5,10.4,3.));
#2037 = DIRECTION('',(0.,-1.,0.));
#2038 = DIRECTION('',(1.,0.,0.));
#2039 = ADVANCED_FACE('',(#2040),#2051,.F.);
#2040 = FACE_BOUND('',#2041,.F.);
#2041 = EDGE_LOOP('',(#2042,#2043,#2044,#2045));
#2042 = ORIENTED_EDGE('',*,*,#1124,.F.);
#2043 = ORIENTED_EDGE('',*,*,#2012,.T.);
#2044 = ORIENTED_EDGE('',*,*,#339,.T.);
#2045 = ORIENTED_EDGE('',*,*,#2046,.F.);
#2046 = EDGE_CURVE('',#1116,#331,#2047,.T.);
#2047 = LINE('',#2048,#2049);
#2048 = CARTESIAN_POINT('',(56.5,9.6,3.));
#2049 = VECTOR('',#2050,1.);
#2050 = DIRECTION('',(-0.,-0.,-1.));
#2051 = PLANE('',#2052);
#2052 = AXIS2_PLACEMENT_3D('',#2053,#2054,#2055);
#2053 = CARTESIAN_POINT('',(53.5,9.6,3.));
#2054 = DIRECTION('',(0.,-1.,0.));
#2055 = DIRECTION('',(1.,0.,0.));
#2056 = ADVANCED_FACE('',(#2057),#2063,.F.);
#2057 = FACE_BOUND('',#2058,.F.);
#2058 = EDGE_LOOP('',(#2059,#2060,#2061,#2062));
#2059 = ORIENTED_EDGE('',*,*,#1115,.F.);
#2060 = ORIENTED_EDGE('',*,*,#2046,.T.);
#2061 = ORIENTED_EDGE('',*,*,#330,.T.);
#2062 = ORIENTED_EDGE('',*,*,#2029,.F.);
#2063 = CYLINDRICAL_SURFACE('',#2064,0.4);
#2064 = AXIS2_PLACEMENT_3D('',#2065,#2066,#2067);
#2065 = CARTESIAN_POINT('',(56.5,10.,3.));
#2066 = DIRECTION('',(0.,0.,1.));
#2067 = DIRECTION('',(1.,0.,0.));
#2068 = ADVANCED_FACE('',(#2069),#2085,.F.);
#2069 = FACE_BOUND('',#2070,.F.);
#2070 = EDGE_LOOP('',(#2071,#2072,#2078,#2079));
#2071 = ORIENTED_EDGE('',*,*,#1215,.F.);
#2072 = ORIENTED_EDGE('',*,*,#2073,.T.);
#2073 = EDGE_CURVE('',#1216,#348,#2074,.T.);
#2074 = LINE('',#2075,#2076);
#2075 = CARTESIAN_POINT('',(56.,12.4,3.));
#2076 = VECTOR('',#2077,1.);
#2077 = DIRECTION('',(-0.,-0.,-1.));
#2078 = ORIENTED_EDGE('',*,*,#347,.T.);
#2079 = ORIENTED_EDGE('',*,*,#2080,.F.);
#2080 = EDGE_CURVE('',#1218,#350,#2081,.T.);
#2081 = LINE('',#2082,#2083);
#2082 = CARTESIAN_POINT('',(56.,11.6,3.));
#2083 = VECTOR('',#2084,1.);
#2084 = DIRECTION('',(-0.,-0.,-1.));
#2085 = CYLINDRICAL_SURFACE('',#2086,0.4);
#2086 = AXIS2_PLACEMENT_3D('',#2087,#2088,#2089);
#2087 = CARTESIAN_POINT('',(56.,12.,3.));
#2088 = DIRECTION('',(0.,0.,1.));
#2089 = DIRECTION('',(1.,0.,0.));
#2090 = ADVANCED_FACE('',(#2091),#2102,.T.);
#2091 = FACE_BOUND('',#2092,.T.);
#2092 = EDGE_LOOP('',(#2093,#2094,#2095,#2096));
#2093 = ORIENTED_EDGE('',*,*,#1226,.F.);
#2094 = ORIENTED_EDGE('',*,*,#2073,.T.);
#2095 = ORIENTED_EDGE('',*,*,#358,.T.);
#2096 = ORIENTED_EDGE('',*,*,#2097,.F.);
#2097 = EDGE_CURVE('',#1227,#359,#2098,.T.);
#2098 = LINE('',#2099,#2100);
#2099 = CARTESIAN_POINT('',(59.,12.4,3.));
#2100 = VECTOR('',#2101,1.);
#2101 = DIRECTION('',(-0.,-0.,-1.));
#2102 = PLANE('',#2103);
#2103 = AXIS2_PLACEMENT_3D('',#2104,#2105,#2106);
#2104 = CARTESIAN_POINT('',(56.,12.4,3.));
#2105 = DIRECTION('',(0.,-1.,0.));
#2106 = DIRECTION('',(1.,0.,0.));
#2107 = ADVANCED_FACE('',(#2108),#2119,.F.);
#2108 = FACE_BOUND('',#2109,.F.);
#2109 = EDGE_LOOP('',(#2110,#2111,#2112,#2113));
#2110 = ORIENTED_EDGE('',*,*,#1243,.F.);
#2111 = ORIENTED_EDGE('',*,*,#2080,.T.);
#2112 = ORIENTED_EDGE('',*,*,#375,.T.);
#2113 = ORIENTED_EDGE('',*,*,#2114,.F.);
#2114 = EDGE_CURVE('',#1235,#367,#2115,.T.);
#2115 = LINE('',#2116,#2117);
#2116 = CARTESIAN_POINT('',(59.,11.6,3.));
#2117 = VECTOR('',#2118,1.);
#2118 = DIRECTION('',(-0.,-0.,-1.));
#2119 = PLANE('',#2120);
#2120 = AXIS2_PLACEMENT_3D('',#2121,#2122,#2123);
#2121 = CARTESIAN_POINT('',(56.,11.6,3.));
#2122 = DIRECTION('',(0.,-1.,0.));
#2123 = DIRECTION('',(1.,0.,0.));
#2124 = ADVANCED_FACE('',(#2125),#2131,.F.);
#2125 = FACE_BOUND('',#2126,.F.);
#2126 = EDGE_LOOP('',(#2127,#2128,#2129,#2130));
#2127 = ORIENTED_EDGE('',*,*,#1234,.F.);
#2128 = ORIENTED_EDGE('',*,*,#2114,.T.);
#2129 = ORIENTED_EDGE('',*,*,#366,.T.);
#2130 = ORIENTED_EDGE('',*,*,#2097,.F.);
#2131 = CYLINDRICAL_SURFACE('',#2132,0.4);
#2132 = AXIS2_PLACEMENT_3D('',#2133,#2134,#2135);
#2133 = CARTESIAN_POINT('',(59.,12.,3.));
#2134 = DIRECTION('',(0.,0.,1.));
#2135 = DIRECTION('',(1.,0.,0.));
#2136 = ADVANCED_FACE('',(#2137),#2163,.T.);
#2137 = FACE_BOUND('',#2138,.F.);
#2138 = EDGE_LOOP('',(#2139,#2147,#2156,#2162));
#2139 = ORIENTED_EDGE('',*,*,#2140,.T.);
#2140 = EDGE_CURVE('',#384,#2141,#2143,.T.);
#2141 = VERTEX_POINT('',#2142);
#2142 = CARTESIAN_POINT('',(36.,2.2,-2.));
#2143 = LINE('',#2144,#2145);
#2144 = CARTESIAN_POINT('',(36.,2.2,0.));
#2145 = VECTOR('',#2146,1.);
#2146 = DIRECTION('',(0.,0.,-1.));
#2147 = ORIENTED_EDGE('',*,*,#2148,.T.);
#2148 = EDGE_CURVE('',#2141,#2149,#2151,.T.);
#2149 = VERTEX_POINT('',#2150);
#2150 = CARTESIAN_POINT('',(36.,4.2,-2.));
#2151 = CIRCLE('',#2152,1.);
#2152 = AXIS2_PLACEMENT_3D('',#2153,#2154,#2155);
#2153 = CARTESIAN_POINT('',(36.,3.2,-2.));
#2154 = DIRECTION('',(0.,0.,-1.));
#2155 = DIRECTION('',(1.,0.,0.));
#2156 = ORIENTED_EDGE('',*,*,#2157,.F.);
#2157 = EDGE_CURVE('',#386,#2149,#2158,.T.);
#2158 = LINE('',#2159,#2160);
#2159 = CARTESIAN_POINT('',(36.,4.2,0.));
#2160 = VECTOR('',#2161,1.);
#2161 = DIRECTION('',(0.,0.,-1.));
#2162 = ORIENTED_EDGE('',*,*,#383,.F.);
#2163 = CYLINDRICAL_SURFACE('',#2164,1.);
#2164 = AXIS2_PLACEMENT_3D('',#2165,#2166,#2167);
#2165 = CARTESIAN_POINT('',(36.,3.2,0.));
#2166 = DIRECTION('',(0.,0.,1.));
#2167 = DIRECTION('',(1.,0.,0.));
#2168 = ADVANCED_FACE('',(#2169),#2187,.F.);
#2169 = FACE_BOUND('',#2170,.F.);
#2170 = EDGE_LOOP('',(#2171,#2179,#2185,#2186));
#2171 = ORIENTED_EDGE('',*,*,#2172,.T.);
#2172 = EDGE_CURVE('',#403,#2173,#2175,.T.);
#2173 = VERTEX_POINT('',#2174);
#2174 = CARTESIAN_POINT('',(116.,2.2,-2.));
#2175 = LINE('',#2176,#2177);
#2176 = CARTESIAN_POINT('',(116.,2.2,0.));
#2177 = VECTOR('',#2178,1.);
#2178 = DIRECTION('',(0.,0.,-1.));
#2179 = ORIENTED_EDGE('',*,*,#2180,.T.);
#2180 = EDGE_CURVE('',#2173,#2141,#2181,.T.);
#2181 = LINE('',#2182,#2183);
#2182 = CARTESIAN_POINT('',(116.,2.2,-2.));
#2183 = VECTOR('',#2184,1.);
#2184 = DIRECTION('',(-1.,0.,0.));
#2185 = ORIENTED_EDGE('',*,*,#2140,.F.);
#2186 = ORIENTED_EDGE('',*,*,#411,.F.);
#2187 = PLANE('',#2188);
#2188 = AXIS2_PLACEMENT_3D('',#2189,#2190,#2191);
#2189 = CARTESIAN_POINT('',(116.,2.2,0.));
#2190 = DIRECTION('',(0.,1.,0.));
#2191 = DIRECTION('',(-1.,0.,0.));
#2192 = ADVANCED_FACE('',(#2193),#2212,.T.);
#2193 = FACE_BOUND('',#2194,.F.);
#2194 = EDGE_LOOP('',(#2195,#2203,#2210,#2211));
#2195 = ORIENTED_EDGE('',*,*,#2196,.T.);
#2196 = EDGE_CURVE('',#395,#2197,#2199,.T.);
#2197 = VERTEX_POINT('',#2198);
#2198 = CARTESIAN_POINT('',(116.,4.2,-2.));
#2199 = LINE('',#2200,#2201);
#2200 = CARTESIAN_POINT('',(116.,4.2,0.));
#2201 = VECTOR('',#2202,1.);
#2202 = DIRECTION('',(0.,0.,-1.));
#2203 = ORIENTED_EDGE('',*,*,#2204,.T.);
#2204 = EDGE_CURVE('',#2197,#2173,#2205,.T.);
#2205 = CIRCLE('',#2206,1.);
#2206 = AXIS2_PLACEMENT_3D('',#2207,#2208,#2209);
#2207 = CARTESIAN_POINT('',(116.,3.2,-2.));
#2208 = DIRECTION('',(0.,0.,-1.));
#2209 = DIRECTION('',(1.,0.,0.));
#2210 = ORIENTED_EDGE('',*,*,#2172,.F.);
#2211 = ORIENTED_EDGE('',*,*,#402,.F.);
#2212 = CYLINDRICAL_SURFACE('',#2213,1.);
#2213 = AXIS2_PLACEMENT_3D('',#2214,#2215,#2216);
#2214 = CARTESIAN_POINT('',(116.,3.2,0.));
#2215 = DIRECTION('',(0.,0.,1.));
#2216 = DIRECTION('',(1.,0.,0.));
#2217 = ADVANCED_FACE('',(#2218),#2229,.F.);
#2218 = FACE_BOUND('',#2219,.F.);
#2219 = EDGE_LOOP('',(#2220,#2221,#2227,#2228));
#2220 = ORIENTED_EDGE('',*,*,#2157,.T.);
#2221 = ORIENTED_EDGE('',*,*,#2222,.T.);
#2222 = EDGE_CURVE('',#2149,#2197,#2223,.T.);
#2223 = LINE('',#2224,#2225);
#2224 = CARTESIAN_POINT('',(36.,4.2,-2.));
#2225 = VECTOR('',#2226,1.);
#2226 = DIRECTION('',(1.,0.,0.));
#2227 = ORIENTED_EDGE('',*,*,#2196,.F.);
#2228 = ORIENTED_EDGE('',*,*,#394,.F.);
#2229 = PLANE('',#2230);
#2230 = AXIS2_PLACEMENT_3D('',#2231,#2232,#2233);
#2231 = CARTESIAN_POINT('',(36.,4.2,0.));
#2232 = DIRECTION('',(0.,-1.,0.));
#2233 = DIRECTION('',(1.,0.,0.));
#2234 = ADVANCED_FACE('',(#2235),#2251,.F.);
#2235 = FACE_BOUND('',#2236,.F.);
#2236 = EDGE_LOOP('',(#2237,#2238,#2244,#2245));
#2237 = ORIENTED_EDGE('',*,*,#1168,.F.);
#2238 = ORIENTED_EDGE('',*,*,#2239,.T.);
#2239 = EDGE_CURVE('',#1169,#420,#2240,.T.);
#2240 = LINE('',#2241,#2242);
#2241 = CARTESIAN_POINT('',(53.5,14.4,3.));
#2242 = VECTOR('',#2243,1.);
#2243 = DIRECTION('',(-0.,-0.,-1.));
#2244 = ORIENTED_EDGE('',*,*,#419,.T.);
#2245 = ORIENTED_EDGE('',*,*,#2246,.F.);
#2246 = EDGE_CURVE('',#1171,#422,#2247,.T.);
#2247 = LINE('',#2248,#2249);
#2248 = CARTESIAN_POINT('',(53.5,13.6,3.));
#2249 = VECTOR('',#2250,1.);
#2250 = DIRECTION('',(-0.,-0.,-1.));
#2251 = CYLINDRICAL_SURFACE('',#2252,0.4);
#2252 = AXIS2_PLACEMENT_3D('',#2253,#2254,#2255);
#2253 = CARTESIAN_POINT('',(53.5,14.,3.));
#2254 = DIRECTION('',(0.,0.,1.));
#2255 = DIRECTION('',(1.,0.,0.));
#2256 = ADVANCED_FACE('',(#2257),#2268,.T.);
#2257 = FACE_BOUND('',#2258,.T.);
#2258 = EDGE_LOOP('',(#2259,#2260,#2261,#2262));
#2259 = ORIENTED_EDGE('',*,*,#1179,.F.);
#2260 = ORIENTED_EDGE('',*,*,#2239,.T.);
#2261 = ORIENTED_EDGE('',*,*,#430,.T.);
#2262 = ORIENTED_EDGE('',*,*,#2263,.F.);
#2263 = EDGE_CURVE('',#1180,#431,#2264,.T.);
#2264 = LINE('',#2265,#2266);
#2265 = CARTESIAN_POINT('',(56.5,14.4,3.));
#2266 = VECTOR('',#2267,1.);
#2267 = DIRECTION('',(-0.,-0.,-1.));
#2268 = PLANE('',#2269);
#2269 = AXIS2_PLACEMENT_3D('',#2270,#2271,#2272);
#2270 = CARTESIAN_POINT('',(53.5,14.4,3.));
#2271 = DIRECTION('',(0.,-1.,0.));
#2272 = DIRECTION('',(1.,0.,0.));
#2273 = ADVANCED_FACE('',(#2274),#2285,.F.);
#2274 = FACE_BOUND('',#2275,.F.);
#2275 = EDGE_LOOP('',(#2276,#2277,#2278,#2279));
#2276 = ORIENTED_EDGE('',*,*,#1196,.F.);
#2277 = ORIENTED_EDGE('',*,*,#2246,.T.);
#2278 = ORIENTED_EDGE('',*,*,#447,.T.);
#2279 = ORIENTED_EDGE('',*,*,#2280,.F.);
#2280 = EDGE_CURVE('',#1188,#439,#2281,.T.);
#2281 = LINE('',#2282,#2283);
#2282 = CARTESIAN_POINT('',(56.5,13.6,3.));
#2283 = VECTOR('',#2284,1.);
#2284 = DIRECTION('',(-0.,-0.,-1.));
#2285 = PLANE('',#2286);
#2286 = AXIS2_PLACEMENT_3D('',#2287,#2288,#2289);
#2287 = CARTESIAN_POINT('',(53.5,13.6,3.));
#2288 = DIRECTION('',(0.,-1.,0.));
#2289 = DIRECTION('',(1.,0.,0.));
#2290 = ADVANCED_FACE('',(#2291),#2297,.F.);
#2291 = FACE_BOUND('',#2292,.F.);
#2292 = EDGE_LOOP('',(#2293,#2294,#2295,#2296));
#2293 = ORIENTED_EDGE('',*,*,#1187,.F.);
#2294 = ORIENTED_EDGE('',*,*,#2280,.T.);
#2295 = ORIENTED_EDGE('',*,*,#438,.T.);
#2296 = ORIENTED_EDGE('',*,*,#2263,.F.);
#2297 = CYLINDRICAL_SURFACE('',#2298,0.4);
#2298 = AXIS2_PLACEMENT_3D('',#2299,#2300,#2301);
#2299 = CARTESIAN_POINT('',(56.5,14.,3.));
#2300 = DIRECTION('',(0.,0.,1.));
#2301 = DIRECTION('',(1.,0.,0.));
#2302 = ADVANCED_FACE('',(#2303),#2314,.F.);
#2303 = FACE_BOUND('',#2304,.F.);
#2304 = EDGE_LOOP('',(#2305,#2306,#2312,#2313));
#2305 = ORIENTED_EDGE('',*,*,#1204,.F.);
#2306 = ORIENTED_EDGE('',*,*,#2307,.T.);
#2307 = EDGE_CURVE('',#1205,#456,#2308,.T.);
#2308 = LINE('',#2309,#2310);
#2309 = CARTESIAN_POINT('',(50.25,18.,3.));
#2310 = VECTOR('',#2311,1.);
#2311 = DIRECTION('',(-0.,-0.,-1.));
#2312 = ORIENTED_EDGE('',*,*,#455,.T.);
#2313 = ORIENTED_EDGE('',*,*,#2307,.F.);
#2314 = CYLINDRICAL_SURFACE('',#2315,6.25);
#2315 = AXIS2_PLACEMENT_3D('',#2316,#2317,#2318);
#2316 = CARTESIAN_POINT('',(44.,18.,3.));
#2317 = DIRECTION('',(0.,0.,1.));
#2318 = DIRECTION('',(1.,0.,0.));
#2319 = ADVANCED_FACE('',(#2320),#2331,.F.);
#2320 = FACE_BOUND('',#2321,.F.);
#2321 = EDGE_LOOP('',(#2322,#2323,#2329,#2330));
#2322 = ORIENTED_EDGE('',*,*,#1251,.F.);
#2323 = ORIENTED_EDGE('',*,*,#2324,.T.);
#2324 = EDGE_CURVE('',#1252,#467,#2325,.T.);
#2325 = LINE('',#2326,#2327);
#2326 = CARTESIAN_POINT('',(72.25,18.,3.));
#2327 = VECTOR('',#2328,1.);
#2328 = DIRECTION('',(-0.,-0.,-1.));
#2329 = ORIENTED_EDGE('',*,*,#466,.T.);
#2330 = ORIENTED_EDGE('',*,*,#2324,.F.);
#2331 = CYLINDRICAL_SURFACE('',#2332,6.25);
#2332 = AXIS2_PLACEMENT_3D('',#2333,#2334,#2335);
#2333 = CARTESIAN_POINT('',(66.,18.,3.));
#2334 = DIRECTION('',(0.,0.,1.));
#2335 = DIRECTION('',(1.,0.,0.));
#2336 = ADVANCED_FACE('',(#2337),#2348,.F.);
#2337 = FACE_BOUND('',#2338,.F.);
#2338 = EDGE_LOOP('',(#2339,#2340,#2346,#2347));
#2339 = ORIENTED_EDGE('',*,*,#1262,.F.);
#2340 = ORIENTED_EDGE('',*,*,#2341,.T.);
#2341 = EDGE_CURVE('',#1263,#478,#2342,.T.);
#2342 = LINE('',#2343,#2344);
#2343 = CARTESIAN_POINT('',(14.6,30.,3.));
#2344 = VECTOR('',#2345,1.);
#2345 = DIRECTION('',(-0.,-0.,-1.));
#2346 = ORIENTED_EDGE('',*,*,#477,.T.);
#2347 = ORIENTED_EDGE('',*,*,#2341,.F.);
#2348 = CYLINDRICAL_SURFACE('',#2349,1.6);
#2349 = AXIS2_PLACEMENT_3D('',#2350,#2351,#2352);
#2350 = CARTESIAN_POINT('',(13.,30.,3.));
#2351 = DIRECTION('',(0.,0.,1.));
#2352 = DIRECTION('',(1.,0.,0.));
#2353 = ADVANCED_FACE('',(#2354),#2365,.F.);
#2354 = FACE_BOUND('',#2355,.F.);
#2355 = EDGE_LOOP('',(#2356,#2357,#2363,#2364));
#2356 = ORIENTED_EDGE('',*,*,#1273,.F.);
#2357 = ORIENTED_EDGE('',*,*,#2358,.T.);
#2358 = EDGE_CURVE('',#1274,#489,#2359,.T.);
#2359 = LINE('',#2360,#2361);
#2360 = CARTESIAN_POINT('',(28.6,30.,3.));
#2361 = VECTOR('',#2362,1.);
#2362 = DIRECTION('',(-0.,-0.,-1.));
#2363 = ORIENTED_EDGE('',*,*,#488,.T.);
#2364 = ORIENTED_EDGE('',*,*,#2358,.F.);
#2365 = CYLINDRICAL_SURFACE('',#2366,1.6);
#2366 = AXIS2_PLACEMENT_3D('',#2367,#2368,#2369);
#2367 = CARTESIAN_POINT('',(27.,30.,3.));
#2368 = DIRECTION('',(0.,0.,1.));
#2369 = DIRECTION('',(1.,0.,0.));
#2370 = ADVANCED_FACE('',(#2371),#2382,.F.);
#2371 = FACE_BOUND('',#2372,.F.);
#2372 = EDGE_LOOP('',(#2373,#2374,#2380,#2381));
#2373 = ORIENTED_EDGE('',*,*,#1284,.F.);
#2374 = ORIENTED_EDGE('',*,*,#2375,.T.);
#2375 = EDGE_CURVE('',#1285,#500,#2376,.T.);
#2376 = LINE('',#2377,#2378);
#2377 = CARTESIAN_POINT('',(46.9,33.,3.));
#2378 = VECTOR('',#2379,1.);
#2379 = DIRECTION('',(-0.,-0.,-1.));
#2380 = ORIENTED_EDGE('',*,*,#499,.T.);
#2381 = ORIENTED_EDGE('',*,*,#2375,.F.);
#2382 = CYLINDRICAL_SURFACE('',#2383,2.9);
#2383 = AXIS2_PLACEMENT_3D('',#2384,#2385,#2386);
#2384 = CARTESIAN_POINT('',(44.,33.,3.));
#2385 = DIRECTION('',(0.,0.,1.));
#2386 = DIRECTION('',(1.,0.,0.));
#2387 = ADVANCED_FACE('',(#2388),#2399,.F.);
#2388 = FACE_BOUND('',#2389,.F.);
#2389 = EDGE_LOOP('',(#2390,#2391,#2397,#2398));
#2390 = ORIENTED_EDGE('',*,*,#1295,.F.);
#2391 = ORIENTED_EDGE('',*,*,#2392,.T.);
#2392 = EDGE_CURVE('',#1296,#511,#2393,.T.);
#2393 = LINE('',#2394,#2395);
#2394 = CARTESIAN_POINT('',(68.9,33.,3.));
#2395 = VECTOR('',#2396,1.);
#2396 = DIRECTION('',(-0.,-0.,-1.));
#2397 = ORIENTED_EDGE('',*,*,#510,.T.);
#2398 = ORIENTED_EDGE('',*,*,#2392,.F.);
#2399 = CYLINDRICAL_SURFACE('',#2400,2.9);
#2400 = AXIS2_PLACEMENT_3D('',#2401,#2402,#2403);
#2401 = CARTESIAN_POINT('',(66.,33.,3.));
#2402 = DIRECTION('',(0.,0.,1.));
#2403 = DIRECTION('',(1.,0.,0.));
#2404 = ADVANCED_FACE('',(#2405),#2416,.F.);
#2405 = FACE_BOUND('',#2406,.F.);
#2406 = EDGE_LOOP('',(#2407,#2408,#2414,#2415));
#2407 = ORIENTED_EDGE('',*,*,#1306,.F.);
#2408 = ORIENTED_EDGE('',*,*,#2409,.T.);
#2409 = EDGE_CURVE('',#1307,#522,#2410,.T.);
#2410 = LINE('',#2411,#2412);
#2411 = CARTESIAN_POINT('',(94.25,18.,3.));
#2412 = VECTOR('',#2413,1.);
#2413 = DIRECTION('',(-0.,-0.,-1.));
#2414 = ORIENTED_EDGE('',*,*,#521,.T.);
#2415 = ORIENTED_EDGE('',*,*,#2409,.F.);
#2416 = CYLINDRICAL_SURFACE('',#2417,6.25);
#2417 = AXIS2_PLACEMENT_3D('',#2418,#2419,#2420);
#2418 = CARTESIAN_POINT('',(88.,18.,3.));
#2419 = DIRECTION('',(0.,0.,1.));
#2420 = DIRECTION('',(1.,0.,0.));
#2421 = ADVANCED_FACE('',(#2422),#2433,.F.);
#2422 = FACE_BOUND('',#2423,.F.);
#2423 = EDGE_LOOP('',(#2424,#2425,#2431,#2432));
#2424 = ORIENTED_EDGE('',*,*,#1317,.F.);
#2425 = ORIENTED_EDGE('',*,*,#2426,.T.);
#2426 = EDGE_CURVE('',#1318,#533,#2427,.T.);
#2427 = LINE('',#2428,#2429);
#2428 = CARTESIAN_POINT('',(116.25,18.,3.));
#2429 = VECTOR('',#2430,1.);
#2430 = DIRECTION('',(-0.,-0.,-1.));
#2431 = ORIENTED_EDGE('',*,*,#532,.T.);
#2432 = ORIENTED_EDGE('',*,*,#2426,.F.);
#2433 = CYLINDRICAL_SURFACE('',#2434,6.25);
#2434 = AXIS2_PLACEMENT_3D('',#2435,#2436,#2437);
#2435 = CARTESIAN_POINT('',(110.,18.,3.));
#2436 = DIRECTION('',(0.,0.,1.));
#2437 = DIRECTION('',(1.,0.,0.));
#2438 = ADVANCED_FACE('',(#2439),#2458,.F.);
#2439 = FACE_BOUND('',#2440,.T.);
#2440 = EDGE_LOOP('',(#2441,#2449,#2456,#2457));
#2441 = ORIENTED_EDGE('',*,*,#2442,.F.);
#2442 = EDGE_CURVE('',#2443,#544,#2445,.T.);
#2443 = VERTEX_POINT('',#2444);
#2444 = CARTESIAN_POINT('',(148.7,5.,1.3));
#2445 = LINE('',#2446,#2447);
#2446 = CARTESIAN_POINT('',(148.7,5.,1.3));
#2447 = VECTOR('',#2448,1.);
#2448 = DIRECTION('',(-6.670867959121E-17,0.,-1.));
#2449 = ORIENTED_EDGE('',*,*,#2450,.T.);
#2450 = EDGE_CURVE('',#2443,#2443,#2451,.T.);
#2451 = CIRCLE('',#2452,1.7);
#2452 = AXIS2_PLACEMENT_3D('',#2453,#2454,#2455);
#2453 = CARTESIAN_POINT('',(147.,5.,1.3));
#2454 = DIRECTION('',(0.,0.,1.));
#2455 = DIRECTION('',(1.,0.,0.));
#2456 = ORIENTED_EDGE('',*,*,#2442,.T.);
#2457 = ORIENTED_EDGE('',*,*,#543,.T.);
#2458 = CYLINDRICAL_SURFACE('',#2459,1.7);
#2459 = AXIS2_PLACEMENT_3D('',#2460,#2461,#2462);
#2460 = CARTESIAN_POINT('',(147.,5.,1.3));
#2461 = DIRECTION('',(-0.,-0.,-1.));
#2462 = DIRECTION('',(1.,0.,0.));
#2463 = ADVANCED_FACE('',(#2464),#2475,.F.);
#2464 = FACE_BOUND('',#2465,.F.);
#2465 = EDGE_LOOP('',(#2466,#2467,#2473,#2474));
#2466 = ORIENTED_EDGE('',*,*,#1339,.F.);
#2467 = ORIENTED_EDGE('',*,*,#2468,.T.);
#2468 = EDGE_CURVE('',#1340,#555,#2469,.T.);
#2469 = LINE('',#2470,#2471);
#2470 = CARTESIAN_POINT('',(138.25,18.,3.));
#2471 = VECTOR('',#2472,1.);
#2472 = DIRECTION('',(-0.,-0.,-1.));
#2473 = ORIENTED_EDGE('',*,*,#554,.T.);
#2474 = ORIENTED_EDGE('',*,*,#2468,.F.);
#2475 = CYLINDRICAL_SURFACE('',#2476,6.25);
#2476 = AXIS2_PLACEMENT_3D('',#2477,#2478,#2479);
#2477 = CARTESIAN_POINT('',(132.,18.,3.));
#2478 = DIRECTION('',(0.,0.,1.));
#2479 = DIRECTION('',(1.,0.,0.));
#2480 = ADVANCED_FACE('',(#2481),#2492,.F.);
#2481 = FACE_BOUND('',#2482,.F.);
#2482 = EDGE_LOOP('',(#2483,#2484,#2490,#2491));
#2483 = ORIENTED_EDGE('',*,*,#1350,.F.);
#2484 = ORIENTED_EDGE('',*,*,#2485,.T.);
#2485 = EDGE_CURVE('',#1351,#566,#2486,.T.);
#2486 = LINE('',#2487,#2488);
#2487 = CARTESIAN_POINT('',(90.9,33.,3.));
#2488 = VECTOR('',#2489,1.);
#2489 = DIRECTION('',(-0.,-0.,-1.));
#2490 = ORIENTED_EDGE('',*,*,#565,.T.);
#2491 = ORIENTED_EDGE('',*,*,#2485,.F.);
#2492 = CYLINDRICAL_SURFACE('',#2493,2.9);
#2493 = AXIS2_PLACEMENT_3D('',#2494,#2495,#2496);
#2494 = CARTESIAN_POINT('',(88.,33.,3.));
#2495 = DIRECTION('',(0.,0.,1.));
#2496 = DIRECTION('',(1.,0.,0.));
#2497 = ADVANCED_FACE('',(#2498),#2509,.F.);
#2498 = FACE_BOUND('',#2499,.F.);
#2499 = EDGE_LOOP('',(#2500,#2501,#2507,#2508));
#2500 = ORIENTED_EDGE('',*,*,#1361,.F.);
#2501 = ORIENTED_EDGE('',*,*,#2502,.T.);
#2502 = EDGE_CURVE('',#1362,#577,#2503,.T.);
#2503 = LINE('',#2504,#2505);
#2504 = CARTESIAN_POINT('',(112.9,33.,3.));
#2505 = VECTOR('',#2506,1.);
#2506 = DIRECTION('',(-0.,-0.,-1.));
#2507 = ORIENTED_EDGE('',*,*,#576,.T.);
#2508 = ORIENTED_EDGE('',*,*,#2502,.F.);
#2509 = CYLINDRICAL_SURFACE('',#2510,2.9);
#2510 = AXIS2_PLACEMENT_3D('',#2511,#2512,#2513);
#2511 = CARTESIAN_POINT('',(110.,33.,3.));
#2512 = DIRECTION('',(0.,0.,1.));
#2513 = DIRECTION('',(1.,0.,0.));
#2514 = ADVANCED_FACE('',(#2515),#2526,.F.);
#2515 = FACE_BOUND('',#2516,.F.);
#2516 = EDGE_LOOP('',(#2517,#2518,#2524,#2525));
#2517 = ORIENTED_EDGE('',*,*,#1372,.F.);
#2518 = ORIENTED_EDGE('',*,*,#2519,.T.);
#2519 = EDGE_CURVE('',#1373,#588,#2520,.T.);
#2520 = LINE('',#2521,#2522);
#2521 = CARTESIAN_POINT('',(134.9,33.,3.));
#2522 = VECTOR('',#2523,1.);
#2523 = DIRECTION('',(-0.,-0.,-1.));
#2524 = ORIENTED_EDGE('',*,*,#587,.T.);
#2525 = ORIENTED_EDGE('',*,*,#2519,.F.);
#2526 = CYLINDRICAL_SURFACE('',#2527,2.9);
#2527 = AXIS2_PLACEMENT_3D('',#2528,#2529,#2530);
#2528 = CARTESIAN_POINT('',(132.,33.,3.));
#2529 = DIRECTION('',(0.,0.,1.));
#2530 = DIRECTION('',(1.,0.,0.));
#2531 = ADVANCED_FACE('',(#2532),#2558,.T.);
#2532 = FACE_BOUND('',#2533,.F.);
#2533 = EDGE_LOOP('',(#2534,#2542,#2551,#2557));
#2534 = ORIENTED_EDGE('',*,*,#2535,.T.);
#2535 = EDGE_CURVE('',#599,#2536,#2538,.T.);
#2536 = VERTEX_POINT('',#2537);
#2537 = CARTESIAN_POINT('',(4.2,12.,-2.));
#2538 = LINE('',#2539,#2540);
#2539 = CARTESIAN_POINT('',(4.2,12.,0.));
#2540 = VECTOR('',#2541,1.);
#2541 = DIRECTION('',(0.,0.,-1.));
#2542 = ORIENTED_EDGE('',*,*,#2543,.T.);
#2543 = EDGE_CURVE('',#2536,#2544,#2546,.T.);
#2544 = VERTEX_POINT('',#2545);
#2545 = CARTESIAN_POINT('',(2.2,12.,-2.));
#2546 = CIRCLE('',#2547,1.);
#2547 = AXIS2_PLACEMENT_3D('',#2548,#2549,#2550);
#2548 = CARTESIAN_POINT('',(3.2,12.,-2.));
#2549 = DIRECTION('',(0.,0.,-1.));
#2550 = DIRECTION('',(1.,0.,0.));
#2551 = ORIENTED_EDGE('',*,*,#2552,.F.);
#2552 = EDGE_CURVE('',#601,#2544,#2553,.T.);
#2553 = LINE('',#2554,#2555);
#2554 = CARTESIAN_POINT('',(2.2,12.,0.));
#2555 = VECTOR('',#2556,1.);
#2556 = DIRECTION('',(0.,0.,-1.));
#2557 = ORIENTED_EDGE('',*,*,#598,.F.);
#2558 = CYLINDRICAL_SURFACE('',#2559,1.);
#2559 = AXIS2_PLACEMENT_3D('',#2560,#2561,#2562);
#2560 = CARTESIAN_POINT('',(3.2,12.,0.));
#2561 = DIRECTION('',(0.,0.,1.));
#2562 = DIRECTION('',(1.,0.,0.));
#2563 = ADVANCED_FACE('',(#2564),#2582,.F.);
#2564 = FACE_BOUND('',#2565,.F.);
#2565 = EDGE_LOOP('',(#2566,#2574,#2580,#2581));
#2566 = ORIENTED_EDGE('',*,*,#2567,.T.);
#2567 = EDGE_CURVE('',#618,#2568,#2570,.T.);
#2568 = VERTEX_POINT('',#2569);
#2569 = CARTESIAN_POINT('',(4.2,72.,-2.));
#2570 = LINE('',#2571,#2572);
#2571 = CARTESIAN_POINT('',(4.2,72.,0.));
#2572 = VECTOR('',#2573,1.);
#2573 = DIRECTION('',(0.,0.,-1.));
#2574 = ORIENTED_EDGE('',*,*,#2575,.T.);
#2575 = EDGE_CURVE('',#2568,#2536,#2576,.T.);
#2576 = LINE('',#2577,#2578);
#2577 = CARTESIAN_POINT('',(4.2,72.,-2.));
#2578 = VECTOR('',#2579,1.);
#2579 = DIRECTION('',(0.,-1.,0.));
#2580 = ORIENTED_EDGE('',*,*,#2535,.F.);
#2581 = ORIENTED_EDGE('',*,*,#626,.F.);
#2582 = PLANE('',#2583);
#2583 = AXIS2_PLACEMENT_3D('',#2584,#2585,#2586);
#2584 = CARTESIAN_POINT('',(4.2,72.,0.));
#2585 = DIRECTION('',(-1.,-0.,-0.));
#2586 = DIRECTION('',(0.,-1.,0.));
#2587 = ADVANCED_FACE('',(#2588),#2607,.T.);
#2588 = FACE_BOUND('',#2589,.F.);
#2589 = EDGE_LOOP('',(#2590,#2598,#2605,#2606));
#2590 = ORIENTED_EDGE('',*,*,#2591,.T.);
#2591 = EDGE_CURVE('',#610,#2592,#2594,.T.);
#2592 = VERTEX_POINT('',#2593);
#2593 = CARTESIAN_POINT('',(2.2,72.,-2.));
#2594 = LINE('',#2595,#2596);
#2595 = CARTESIAN_POINT('',(2.2,72.,0.));
#2596 = VECTOR('',#2597,1.);
#2597 = DIRECTION('',(0.,0.,-1.));
#2598 = ORIENTED_EDGE('',*,*,#2599,.T.);
#2599 = EDGE_CURVE('',#2592,#2568,#2600,.T.);
#2600 = CIRCLE('',#2601,1.);
#2601 = AXIS2_PLACEMENT_3D('',#2602,#2603,#2604);
#2602 = CARTESIAN_POINT('',(3.2,72.,-2.));
#2603 = DIRECTION('',(0.,0.,-1.));
#2604 = DIRECTION('',(1.,0.,0.));
#2605 = ORIENTED_EDGE('',*,*,#2567,.F.);
#2606 = ORIENTED_EDGE('',*,*,#617,.F.);
#2607 = CYLINDRICAL_SURFACE('',#2608,1.);
#2608 = AXIS2_PLACEMENT_3D('',#2609,#2610,#2611);
#2609 = CARTESIAN_POINT('',(3.2,72.,0.));
#2610 = DIRECTION('',(0.,0.,1.));
#2611 = DIRECTION('',(1.,0.,0.));
#2612 = ADVANCED_FACE('',(#2613),#2624,.F.);
#2613 = FACE_BOUND('',#2614,.F.);
#2614 = EDGE_LOOP('',(#2615,#2616,#2622,#2623));
#2615 = ORIENTED_EDGE('',*,*,#2552,.T.);
#2616 = ORIENTED_EDGE('',*,*,#2617,.T.);
#2617 = EDGE_CURVE('',#2544,#2592,#2618,.T.);
#2618 = LINE('',#2619,#2620);
#2619 = CARTESIAN_POINT('',(2.2,12.,-2.));
#2620 = VECTOR('',#2621,1.);
#2621 = DIRECTION('',(0.,1.,0.));
#2622 = ORIENTED_EDGE('',*,*,#2591,.F.);
#2623 = ORIENTED_EDGE('',*,*,#609,.F.);
#2624 = PLANE('',#2625);
#2625 = AXIS2_PLACEMENT_3D('',#2626,#2627,#2628);
#2626 = CARTESIAN_POINT('',(2.2,12.,0.));
#2627 = DIRECTION('',(1.,0.,0.));
#2628 = DIRECTION('',(0.,1.,0.));
#2629 = ADVANCED_FACE('',(#2630),#2641,.F.);
#2630 = FACE_BOUND('',#2631,.F.);
#2631 = EDGE_LOOP('',(#2632,#2633,#2639,#2640));
#2632 = ORIENTED_EDGE('',*,*,#1383,.F.);
#2633 = ORIENTED_EDGE('',*,*,#2634,.T.);
#2634 = EDGE_CURVE('',#1384,#635,#2635,.T.);
#2635 = LINE('',#2636,#2637);
#2636 = CARTESIAN_POINT('',(38.6,50.,3.));
#2637 = VECTOR('',#2638,1.);
#2638 = DIRECTION('',(-0.,-0.,-1.));
#2639 = ORIENTED_EDGE('',*,*,#634,.T.);
#2640 = ORIENTED_EDGE('',*,*,#2634,.F.);
#2641 = CYLINDRICAL_SURFACE('',#2642,1.6);
#2642 = AXIS2_PLACEMENT_3D('',#2643,#2644,#2645);
#2643 = CARTESIAN_POINT('',(37.,50.,3.));
#2644 = DIRECTION('',(0.,0.,1.));
#2645 = DIRECTION('',(1.,0.,0.));
#2646 = ADVANCED_FACE('',(#2647),#2658,.F.);
#2647 = FACE_BOUND('',#2648,.F.);
#2648 = EDGE_LOOP('',(#2649,#2650,#2656,#2657));
#2649 = ORIENTED_EDGE('',*,*,#1394,.F.);
#2650 = ORIENTED_EDGE('',*,*,#2651,.T.);
#2651 = EDGE_CURVE('',#1395,#646,#2652,.T.);
#2652 = LINE('',#2653,#2654);
#2653 = CARTESIAN_POINT('',(14.6,54.,3.));
#2654 = VECTOR('',#2655,1.);
#2655 = DIRECTION('',(-0.,-0.,-1.));
#2656 = ORIENTED_EDGE('',*,*,#645,.T.);
#2657 = ORIENTED_EDGE('',*,*,#2651,.F.);
#2658 = CYLINDRICAL_SURFACE('',#2659,1.6);
#2659 = AXIS2_PLACEMENT_3D('',#2660,#2661,#2662);
#2660 = CARTESIAN_POINT('',(13.,54.,3.));
#2661 = DIRECTION('',(0.,0.,1.));
#2662 = DIRECTION('',(1.,0.,0.));
#2663 = ADVANCED_FACE('',(#2664),#2675,.F.);
#2664 = FACE_BOUND('',#2665,.F.);
#2665 = EDGE_LOOP('',(#2666,#2667,#2673,#2674));
#2666 = ORIENTED_EDGE('',*,*,#1405,.F.);
#2667 = ORIENTED_EDGE('',*,*,#2668,.T.);
#2668 = EDGE_CURVE('',#1406,#657,#2669,.T.);
#2669 = LINE('',#2670,#2671);
#2670 = CARTESIAN_POINT('',(28.6,54.,3.));
#2671 = VECTOR('',#2672,1.);
#2672 = DIRECTION('',(-0.,-0.,-1.));
#2673 = ORIENTED_EDGE('',*,*,#656,.T.);
#2674 = ORIENTED_EDGE('',*,*,#2668,.F.);
#2675 = CYLINDRICAL_SURFACE('',#2676,1.6);
#2676 = AXIS2_PLACEMENT_3D('',#2677,#2678,#2679);
#2677 = CARTESIAN_POINT('',(27.,54.,3.));
#2678 = DIRECTION('',(0.,0.,1.));
#2679 = DIRECTION('',(1.,0.,0.));
#2680 = ADVANCED_FACE('',(#2681),#2697,.F.);
#2681 = FACE_BOUND('',#2682,.F.);
#2682 = EDGE_LOOP('',(#2683,#2684,#2690,#2691));
#2683 = ORIENTED_EDGE('',*,*,#1530,.F.);
#2684 = ORIENTED_EDGE('',*,*,#2685,.T.);
#2685 = EDGE_CURVE('',#1531,#668,#2686,.T.);
#2686 = LINE('',#2687,#2688);
#2687 = CARTESIAN_POINT('',(40.5,47.,3.));
#2688 = VECTOR('',#2689,1.);
#2689 = DIRECTION('',(-0.,-0.,-1.));
#2690 = ORIENTED_EDGE('',*,*,#667,.T.);
#2691 = ORIENTED_EDGE('',*,*,#2692,.F.);
#2692 = EDGE_CURVE('',#1533,#670,#2693,.T.);
#2693 = LINE('',#2694,#2695);
#2694 = CARTESIAN_POINT('',(111.5,47.,3.));
#2695 = VECTOR('',#2696,1.);
#2696 = DIRECTION('',(-0.,-0.,-1.));
#2697 = PLANE('',#2698);
#2698 = AXIS2_PLACEMENT_3D('',#2699,#2700,#2701);
#2699 = CARTESIAN_POINT('',(40.5,47.,3.));
#2700 = DIRECTION('',(0.,-1.,0.));
#2701 = DIRECTION('',(1.,0.,0.));
#2702 = ADVANCED_FACE('',(#2703),#2714,.F.);
#2703 = FACE_BOUND('',#2704,.F.);
#2704 = EDGE_LOOP('',(#2705,#2706,#2712,#2713));
#2705 = ORIENTED_EDGE('',*,*,#1540,.F.);
#2706 = ORIENTED_EDGE('',*,*,#2707,.T.);
#2707 = EDGE_CURVE('',#1541,#678,#2708,.T.);
#2708 = LINE('',#2709,#2710);
#2709 = CARTESIAN_POINT('',(39.5,48.,3.));
#2710 = VECTOR('',#2711,1.);
#2711 = DIRECTION('',(-0.,-0.,-1.));
#2712 = ORIENTED_EDGE('',*,*,#677,.T.);
#2713 = ORIENTED_EDGE('',*,*,#2685,.F.);
#2714 = CYLINDRICAL_SURFACE('',#2715,1.);
#2715 = AXIS2_PLACEMENT_3D('',#2716,#2717,#2718);
#2716 = CARTESIAN_POINT('',(40.5,48.,3.));
#2717 = DIRECTION('',(0.,0.,1.));
#2718 = DIRECTION('',(1.,0.,0.));
#2719 = ADVANCED_FACE('',(#2720),#2731,.F.);
#2720 = FACE_BOUND('',#2721,.F.);
#2721 = EDGE_LOOP('',(#2722,#2723,#2724,#2725));
#2722 = ORIENTED_EDGE('',*,*,#1591,.F.);
#2723 = ORIENTED_EDGE('',*,*,#2692,.T.);
#2724 = ORIENTED_EDGE('',*,*,#728,.T.);
#2725 = ORIENTED_EDGE('',*,*,#2726,.F.);
#2726 = EDGE_CURVE('',#1584,#721,#2727,.T.);
#2727 = LINE('',#2728,#2729);
#2728 = CARTESIAN_POINT('',(112.5,48.,3.));
#2729 = VECTOR('',#2730,1.);
#2730 = DIRECTION('',(-0.,-0.,-1.));
#2731 = CYLINDRICAL_SURFACE('',#2732,1.);
#2732 = AXIS2_PLACEMENT_3D('',#2733,#2734,#2735);
#2733 = CARTESIAN_POINT('',(111.5,48.,3.));
#2734 = DIRECTION('',(0.,0.,1.));
#2735 = DIRECTION('',(1.,0.,0.));
#2736 = ADVANCED_FACE('',(#2737),#2748,.F.);
#2737 = FACE_BOUND('',#2738,.F.);
#2738 = EDGE_LOOP('',(#2739,#2740,#2746,#2747));
#2739 = ORIENTED_EDGE('',*,*,#1549,.F.);
#2740 = ORIENTED_EDGE('',*,*,#2741,.T.);
#2741 = EDGE_CURVE('',#1550,#687,#2742,.T.);
#2742 = LINE('',#2743,#2744);
#2743 = CARTESIAN_POINT('',(39.5,73.,3.));
#2744 = VECTOR('',#2745,1.);
#2745 = DIRECTION('',(-0.,-0.,-1.));
#2746 = ORIENTED_EDGE('',*,*,#686,.T.);
#2747 = ORIENTED_EDGE('',*,*,#2707,.F.);
#2748 = PLANE('',#2749);
#2749 = AXIS2_PLACEMENT_3D('',#2750,#2751,#2752);
#2750 = CARTESIAN_POINT('',(39.5,73.,3.));
#2751 = DIRECTION('',(-1.,0.,0.));
#2752 = DIRECTION('',(0.,-1.,0.));
#2753 = ADVANCED_FACE('',(#2754),#2765,.F.);
#2754 = FACE_BOUND('',#2755,.F.);
#2755 = EDGE_LOOP('',(#2756,#2757,#2758,#2759));
#2756 = ORIENTED_EDGE('',*,*,#1583,.F.);
#2757 = ORIENTED_EDGE('',*,*,#2726,.T.);
#2758 = ORIENTED_EDGE('',*,*,#720,.T.);
#2759 = ORIENTED_EDGE('',*,*,#2760,.F.);
#2760 = EDGE_CURVE('',#1575,#712,#2761,.T.);
#2761 = LINE('',#2762,#2763);
#2762 = CARTESIAN_POINT('',(112.5,73.,3.));
#2763 = VECTOR('',#2764,1.);
#2764 = DIRECTION('',(-0.,-0.,-1.));
#2765 = PLANE('',#2766);
#2766 = AXIS2_PLACEMENT_3D('',#2767,#2768,#2769);
#2767 = CARTESIAN_POINT('',(112.5,48.,3.));
#2768 = DIRECTION('',(1.,0.,0.));
#2769 = DIRECTION('',(0.,1.,0.));
#2770 = ADVANCED_FACE('',(#2771),#2782,.F.);
#2771 = FACE_BOUND('',#2772,.F.);
#2772 = EDGE_LOOP('',(#2773,#2774,#2780,#2781));
#2773 = ORIENTED_EDGE('',*,*,#1557,.F.);
#2774 = ORIENTED_EDGE('',*,*,#2775,.T.);
#2775 = EDGE_CURVE('',#1558,#695,#2776,.T.);
#2776 = LINE('',#2777,#2778);
#2777 = CARTESIAN_POINT('',(40.5,74.,3.));
#2778 = VECTOR('',#2779,1.);
#2779 = DIRECTION('',(-0.,-0.,-1.));
#2780 = ORIENTED_EDGE('',*,*,#694,.T.);
#2781 = ORIENTED_EDGE('',*,*,#2741,.F.);
#2782 = CYLINDRICAL_SURFACE('',#2783,1.);
#2783 = AXIS2_PLACEMENT_3D('',#2784,#2785,#2786);
#2784 = CARTESIAN_POINT('',(40.5,73.,3.));
#2785 = DIRECTION('',(0.,0.,1.));
#2786 = DIRECTION('',(1.,0.,0.));
#2787 = ADVANCED_FACE('',(#2788),#2799,.F.);
#2788 = FACE_BOUND('',#2789,.F.);
#2789 = EDGE_LOOP('',(#2790,#2791,#2792,#2793));
#2790 = ORIENTED_EDGE('',*,*,#1574,.F.);
#2791 = ORIENTED_EDGE('',*,*,#2760,.T.);
#2792 = ORIENTED_EDGE('',*,*,#711,.T.);
#2793 = ORIENTED_EDGE('',*,*,#2794,.F.);
#2794 = EDGE_CURVE('',#1567,#704,#2795,.T.);
#2795 = LINE('',#2796,#2797);
#2796 = CARTESIAN_POINT('',(111.5,74.,3.));
#2797 = VECTOR('',#2798,1.);
#2798 = DIRECTION('',(-0.,-0.,-1.));
#2799 = CYLINDRICAL_SURFACE('',#2800,1.);
#2800 = AXIS2_PLACEMENT_3D('',#2801,#2802,#2803);
#2801 = CARTESIAN_POINT('',(111.5,73.,3.));
#2802 = DIRECTION('',(0.,0.,1.));
#2803 = DIRECTION('',(1.,0.,0.));
#2804 = ADVANCED_FACE('',(#2805),#2811,.F.);
#2805 = FACE_BOUND('',#2806,.F.);
#2806 = EDGE_LOOP('',(#2807,#2808,#2809,#2810));
#2807 = ORIENTED_EDGE('',*,*,#1566,.F.);
#2808 = ORIENTED_EDGE('',*,*,#2794,.T.);
#2809 = ORIENTED_EDGE('',*,*,#703,.T.);
#2810 = ORIENTED_EDGE('',*,*,#2775,.F.);
#2811 = PLANE('',#2812);
#2812 = AXIS2_PLACEMENT_3D('',#2813,#2814,#2815);
#2813 = CARTESIAN_POINT('',(111.5,74.,3.));
#2814 = DIRECTION('',(0.,1.,0.));
#2815 = DIRECTION('',(-1.,0.,0.));
#2816 = ADVANCED_FACE('',(#2817),#2833,.F.);
#2817 = FACE_BOUND('',#2818,.F.);
#2818 = EDGE_LOOP('',(#2819,#2820,#2826,#2827));
#2819 = ORIENTED_EDGE('',*,*,#1416,.F.);
#2820 = ORIENTED_EDGE('',*,*,#2821,.T.);
#2821 = EDGE_CURVE('',#1417,#738,#2822,.T.);
#2822 = LINE('',#2823,#2824);
#2823 = CARTESIAN_POINT('',(12.,73.,3.));
#2824 = VECTOR('',#2825,1.);
#2825 = DIRECTION('',(-0.,-0.,-1.));
#2826 = ORIENTED_EDGE('',*,*,#737,.T.);
#2827 = ORIENTED_EDGE('',*,*,#2828,.F.);
#2828 = EDGE_CURVE('',#1419,#740,#2829,.T.);
#2829 = LINE('',#2830,#2831);
#2830 = CARTESIAN_POINT('',(12.,61.,3.));
#2831 = VECTOR('',#2832,1.);
#2832 = DIRECTION('',(-0.,-0.,-1.));
#2833 = PLANE('',#2834);
#2834 = AXIS2_PLACEMENT_3D('',#2835,#2836,#2837);
#2835 = CARTESIAN_POINT('',(12.,73.,3.));
#2836 = DIRECTION('',(-1.,0.,0.));
#2837 = DIRECTION('',(0.,-1.,0.));
#2838 = ADVANCED_FACE('',(#2839),#2850,.F.);
#2839 = FACE_BOUND('',#2840,.F.);
#2840 = EDGE_LOOP('',(#2841,#2842,#2848,#2849));
#2841 = ORIENTED_EDGE('',*,*,#1426,.F.);
#2842 = ORIENTED_EDGE('',*,*,#2843,.T.);
#2843 = EDGE_CURVE('',#1427,#748,#2844,.T.);
#2844 = LINE('',#2845,#2846);
#2845 = CARTESIAN_POINT('',(13.,74.,3.));
#2846 = VECTOR('',#2847,1.);
#2847 = DIRECTION('',(-0.,-0.,-1.));
#2848 = ORIENTED_EDGE('',*,*,#747,.T.);
#2849 = ORIENTED_EDGE('',*,*,#2821,.F.);
#2850 = CYLINDRICAL_SURFACE('',#2851,1.);
#2851 = AXIS2_PLACEMENT_3D('',#2852,#2853,#2854);
#2852 = CARTESIAN_POINT('',(13.,73.,3.));
#2853 = DIRECTION('',(0.,0.,1.));
#2854 = DIRECTION('',(1.,0.,0.));
#2855 = ADVANCED_FACE('',(#2856),#2867,.F.);
#2856 = FACE_BOUND('',#2857,.F.);
#2857 = EDGE_LOOP('',(#2858,#2859,#2860,#2861));
#2858 = ORIENTED_EDGE('',*,*,#1477,.F.);
#2859 = ORIENTED_EDGE('',*,*,#2828,.T.);
#2860 = ORIENTED_EDGE('',*,*,#798,.T.);
#2861 = ORIENTED_EDGE('',*,*,#2862,.F.);
#2862 = EDGE_CURVE('',#1470,#791,#2863,.T.);
#2863 = LINE('',#2864,#2865);
#2864 = CARTESIAN_POINT('',(13.,60.,3.));
#2865 = VECTOR('',#2866,1.);
#2866 = DIRECTION('',(-0.,-0.,-1.));
#2867 = CYLINDRICAL_SURFACE('',#2868,1.);
#2868 = AXIS2_PLACEMENT_3D('',#2869,#2870,#2871);
#2869 = CARTESIAN_POINT('',(13.,61.,3.));
#2870 = DIRECTION('',(0.,0.,1.));
#2871 = DIRECTION('',(1.,0.,0.));
#2872 = ADVANCED_FACE('',(#2873),#2884,.F.);
#2873 = FACE_BOUND('',#2874,.F.);
#2874 = EDGE_LOOP('',(#2875,#2876,#2882,#2883));
#2875 = ORIENTED_EDGE('',*,*,#1435,.F.);
#2876 = ORIENTED_EDGE('',*,*,#2877,.T.);
#2877 = EDGE_CURVE('',#1436,#757,#2878,.T.);
#2878 = LINE('',#2879,#2880);
#2879 = CARTESIAN_POINT('',(27.,74.,3.));
#2880 = VECTOR('',#2881,1.);
#2881 = DIRECTION('',(-0.,-0.,-1.));
#2882 = ORIENTED_EDGE('',*,*,#756,.T.);
#2883 = ORIENTED_EDGE('',*,*,#2843,.F.);
#2884 = PLANE('',#2885);
#2885 = AXIS2_PLACEMENT_3D('',#2886,#2887,#2888);
#2886 = CARTESIAN_POINT('',(27.,74.,3.));
#2887 = DIRECTION('',(0.,1.,0.));
#2888 = DIRECTION('',(-1.,0.,0.));
#2889 = ADVANCED_FACE('',(#2890),#2901,.F.);
#2890 = FACE_BOUND('',#2891,.F.);
#2891 = EDGE_LOOP('',(#2892,#2893,#2894,#2895));
#2892 = ORIENTED_EDGE('',*,*,#1469,.F.);
#2893 = ORIENTED_EDGE('',*,*,#2862,.T.);
#2894 = ORIENTED_EDGE('',*,*,#790,.T.);
#2895 = ORIENTED_EDGE('',*,*,#2896,.F.);
#2896 = EDGE_CURVE('',#1461,#782,#2897,.T.);
#2897 = LINE('',#2898,#2899);
#2898 = CARTESIAN_POINT('',(27.,60.,3.));
#2899 = VECTOR('',#2900,1.);
#2900 = DIRECTION('',(-0.,-0.,-1.));
#2901 = PLANE('',#2902);
#2902 = AXIS2_PLACEMENT_3D('',#2903,#2904,#2905);
#2903 = CARTESIAN_POINT('',(13.,60.,3.));
#2904 = DIRECTION('',(0.,-1.,0.));
#2905 = DIRECTION('',(1.,0.,0.));
#2906 = ADVANCED_FACE('',(#2907),#2918,.F.);
#2907 = FACE_BOUND('',#2908,.F.);
#2908 = EDGE_LOOP('',(#2909,#2910,#2916,#2917));
#2909 = ORIENTED_EDGE('',*,*,#1443,.F.);
#2910 = ORIENTED_EDGE('',*,*,#2911,.T.);
#2911 = EDGE_CURVE('',#1444,#765,#2912,.T.);
#2912 = LINE('',#2913,#2914);
#2913 = CARTESIAN_POINT('',(28.,73.,3.));
#2914 = VECTOR('',#2915,1.);
#2915 = DIRECTION('',(-0.,-0.,-1.));
#2916 = ORIENTED_EDGE('',*,*,#764,.T.);
#2917 = ORIENTED_EDGE('',*,*,#2877,.F.);
#2918 = CYLINDRICAL_SURFACE('',#2919,1.);
#2919 = AXIS2_PLACEMENT_3D('',#2920,#2921,#2922);
#2920 = CARTESIAN_POINT('',(27.,73.,3.));
#2921 = DIRECTION('',(0.,0.,1.));
#2922 = DIRECTION('',(1.,0.,0.));
#2923 = ADVANCED_FACE('',(#2924),#2935,.F.);
#2924 = FACE_BOUND('',#2925,.F.);
#2925 = EDGE_LOOP('',(#2926,#2927,#2928,#2929));
#2926 = ORIENTED_EDGE('',*,*,#1460,.F.);
#2927 = ORIENTED_EDGE('',*,*,#2896,.T.);
#2928 = ORIENTED_EDGE('',*,*,#781,.T.);
#2929 = ORIENTED_EDGE('',*,*,#2930,.F.);
#2930 = EDGE_CURVE('',#1453,#774,#2931,.T.);
#2931 = LINE('',#2932,#2933);
#2932 = CARTESIAN_POINT('',(28.,61.,3.));
#2933 = VECTOR('',#2934,1.);
#2934 = DIRECTION('',(-0.,-0.,-1.));
#2935 = CYLINDRICAL_SURFACE('',#2936,1.);
#2936 = AXIS2_PLACEMENT_3D('',#2937,#2938,#2939);
#2937 = CARTESIAN_POINT('',(27.,61.,3.));
#2938 = DIRECTION('',(0.,0.,1.));
#2939 = DIRECTION('',(1.,0.,0.));
#2940 = ADVANCED_FACE('',(#2941),#2947,.F.);
#2941 = FACE_BOUND('',#2942,.F.);
#2942 = EDGE_LOOP('',(#2943,#2944,#2945,#2946));
#2943 = ORIENTED_EDGE('',*,*,#1452,.F.);
#2944 = ORIENTED_EDGE('',*,*,#2930,.T.);
#2945 = ORIENTED_EDGE('',*,*,#773,.T.);
#2946 = ORIENTED_EDGE('',*,*,#2911,.F.);
#2947 = PLANE('',#2948);
#2948 = AXIS2_PLACEMENT_3D('',#2949,#2950,#2951);
#2949 = CARTESIAN_POINT('',(28.,61.,3.));
#2950 = DIRECTION('',(1.,0.,0.));
#2951 = DIRECTION('',(0.,1.,0.));
#2952 = ADVANCED_FACE('',(#2953),#2972,.F.);
#2953 = FACE_BOUND('',#2954,.T.);
#2954 = EDGE_LOOP('',(#2955,#2963,#2970,#2971));
#2955 = ORIENTED_EDGE('',*,*,#2956,.F.);
#2956 = EDGE_CURVE('',#2957,#808,#2959,.T.);
#2957 = VERTEX_POINT('',#2958);
#2958 = CARTESIAN_POINT('',(6.7,79.,1.3));
#2959 = LINE('',#2960,#2961);
#2960 = CARTESIAN_POINT('',(6.7,79.,1.3));
#2961 = VECTOR('',#2962,1.);
#2962 = DIRECTION('',(-6.670867959121E-17,0.,-1.));
#2963 = ORIENTED_EDGE('',*,*,#2964,.T.);
#2964 = EDGE_CURVE('',#2957,#2957,#2965,.T.);
#2965 = CIRCLE('',#2966,1.7);
#2966 = AXIS2_PLACEMENT_3D('',#2967,#2968,#2969);
#2967 = CARTESIAN_POINT('',(5.,79.,1.3));
#2968 = DIRECTION('',(0.,0.,1.));
#2969 = DIRECTION('',(1.,0.,0.));
#2970 = ORIENTED_EDGE('',*,*,#2956,.T.);
#2971 = ORIENTED_EDGE('',*,*,#807,.T.);
#2972 = CYLINDRICAL_SURFACE('',#2973,1.7);
#2973 = AXIS2_PLACEMENT_3D('',#2974,#2975,#2976);
#2974 = CARTESIAN_POINT('',(5.,79.,1.3));
#2975 = DIRECTION('',(-0.,-0.,-1.));
#2976 = DIRECTION('',(1.,0.,0.));
#2977 = ADVANCED_FACE('',(#2978),#2989,.F.);
#2978 = FACE_BOUND('',#2979,.F.);
#2979 = EDGE_LOOP('',(#2980,#2981,#2987,#2988));
#2980 = ORIENTED_EDGE('',*,*,#1508,.F.);
#2981 = ORIENTED_EDGE('',*,*,#2982,.T.);
#2982 = EDGE_CURVE('',#1509,#819,#2983,.T.);
#2983 = LINE('',#2984,#2985);
#2984 = CARTESIAN_POINT('',(14.6,78.,3.));
#2985 = VECTOR('',#2986,1.);
#2986 = DIRECTION('',(-0.,-0.,-1.));
#2987 = ORIENTED_EDGE('',*,*,#818,.T.);
#2988 = ORIENTED_EDGE('',*,*,#2982,.F.);
#2989 = CYLINDRICAL_SURFACE('',#2990,1.6);
#2990 = AXIS2_PLACEMENT_3D('',#2991,#2992,#2993);
#2991 = CARTESIAN_POINT('',(13.,78.,3.));
#2992 = DIRECTION('',(0.,0.,1.));
#2993 = DIRECTION('',(1.,0.,0.));
#2994 = ADVANCED_FACE('',(#2995),#3006,.F.);
#2995 = FACE_BOUND('',#2996,.F.);
#2996 = EDGE_LOOP('',(#2997,#2998,#3004,#3005));
#2997 = ORIENTED_EDGE('',*,*,#1486,.F.);
#2998 = ORIENTED_EDGE('',*,*,#2999,.T.);
#2999 = EDGE_CURVE('',#1487,#830,#3000,.T.);
#3000 = LINE('',#3001,#3002);
#3001 = CARTESIAN_POINT('',(38.6,71.,3.));
#3002 = VECTOR('',#3003,1.);
#3003 = DIRECTION('',(-0.,-0.,-1.));
#3004 = ORIENTED_EDGE('',*,*,#829,.T.);
#3005 = ORIENTED_EDGE('',*,*,#2999,.F.);
#3006 = CYLINDRICAL_SURFACE('',#3007,1.6);
#3007 = AXIS2_PLACEMENT_3D('',#3008,#3009,#3010);
#3008 = CARTESIAN_POINT('',(37.,71.,3.));
#3009 = DIRECTION('',(0.,0.,1.));
#3010 = DIRECTION('',(1.,0.,0.));
#3011 = ADVANCED_FACE('',(#3012),#3023,.F.);
#3012 = FACE_BOUND('',#3013,.F.);
#3013 = EDGE_LOOP('',(#3014,#3015,#3021,#3022));
#3014 = ORIENTED_EDGE('',*,*,#1519,.F.);
#3015 = ORIENTED_EDGE('',*,*,#3016,.T.);
#3016 = EDGE_CURVE('',#1520,#841,#3017,.T.);
#3017 = LINE('',#3018,#3019);
#3018 = CARTESIAN_POINT('',(28.6,78.,3.));
#3019 = VECTOR('',#3020,1.);
#3020 = DIRECTION('',(-0.,-0.,-1.));
#3021 = ORIENTED_EDGE('',*,*,#840,.T.);
#3022 = ORIENTED_EDGE('',*,*,#3016,.F.);
#3023 = CYLINDRICAL_SURFACE('',#3024,1.6);
#3024 = AXIS2_PLACEMENT_3D('',#3025,#3026,#3027);
#3025 = CARTESIAN_POINT('',(27.,78.,3.));
#3026 = DIRECTION('',(0.,0.,1.));
#3027 = DIRECTION('',(1.,0.,0.));
#3028 = ADVANCED_FACE('',(#3029),#3040,.F.);
#3029 = FACE_BOUND('',#3030,.F.);
#3030 = EDGE_LOOP('',(#3031,#3032,#3038,#3039));
#3031 = ORIENTED_EDGE('',*,*,#1600,.F.);
#3032 = ORIENTED_EDGE('',*,*,#3033,.T.);
#3033 = EDGE_CURVE('',#1601,#852,#3034,.T.);
#3034 = LINE('',#3035,#3036);
#3035 = CARTESIAN_POINT('',(116.6,50.,3.));
#3036 = VECTOR('',#3037,1.);
#3037 = DIRECTION('',(-0.,-0.,-1.));
#3038 = ORIENTED_EDGE('',*,*,#851,.T.);
#3039 = ORIENTED_EDGE('',*,*,#3033,.F.);
#3040 = CYLINDRICAL_SURFACE('',#3041,1.6);
#3041 = AXIS2_PLACEMENT_3D('',#3042,#3043,#3044);
#3042 = CARTESIAN_POINT('',(115.,50.,3.));
#3043 = DIRECTION('',(0.,0.,1.));
#3044 = DIRECTION('',(1.,0.,0.));
#3045 = ADVANCED_FACE('',(#3046),#3072,.T.);
#3046 = FACE_BOUND('',#3047,.F.);
#3047 = EDGE_LOOP('',(#3048,#3056,#3065,#3071));
#3048 = ORIENTED_EDGE('',*,*,#3049,.T.);
#3049 = EDGE_CURVE('',#863,#3050,#3052,.T.);
#3050 = VERTEX_POINT('',#3051);
#3051 = CARTESIAN_POINT('',(149.8,12.,-2.));
#3052 = LINE('',#3053,#3054);
#3053 = CARTESIAN_POINT('',(149.8,12.,0.));
#3054 = VECTOR('',#3055,1.);
#3055 = DIRECTION('',(0.,0.,-1.));
#3056 = ORIENTED_EDGE('',*,*,#3057,.T.);
#3057 = EDGE_CURVE('',#3050,#3058,#3060,.T.);
#3058 = VERTEX_POINT('',#3059);
#3059 = CARTESIAN_POINT('',(147.8,12.,-2.));
#3060 = CIRCLE('',#3061,1.);
#3061 = AXIS2_PLACEMENT_3D('',#3062,#3063,#3064);
#3062 = CARTESIAN_POINT('',(148.8,12.,-2.));
#3063 = DIRECTION('',(0.,0.,-1.));
#3064 = DIRECTION('',(1.,0.,0.));
#3065 = ORIENTED_EDGE('',*,*,#3066,.F.);
#3066 = EDGE_CURVE('',#865,#3058,#3067,.T.);
#3067 = LINE('',#3068,#3069);
#3068 = CARTESIAN_POINT('',(147.8,12.,0.));
#3069 = VECTOR('',#3070,1.);
#3070 = DIRECTION('',(0.,0.,-1.));
#3071 = ORIENTED_EDGE('',*,*,#862,.F.);
#3072 = CYLINDRICAL_SURFACE('',#3073,1.);
#3073 = AXIS2_PLACEMENT_3D('',#3074,#3075,#3076);
#3074 = CARTESIAN_POINT('',(148.8,12.,0.));
#3075 = DIRECTION('',(0.,0.,1.));
#3076 = DIRECTION('',(1.,0.,0.));
#3077 = ADVANCED_FACE('',(#3078),#3096,.F.);
#3078 = FACE_BOUND('',#3079,.F.);
#3079 = EDGE_LOOP('',(#3080,#3088,#3094,#3095));
#3080 = ORIENTED_EDGE('',*,*,#3081,.T.);
#3081 = EDGE_CURVE('',#882,#3082,#3084,.T.);
#3082 = VERTEX_POINT('',#3083);
#3083 = CARTESIAN_POINT('',(149.8,72.,-2.));
#3084 = LINE('',#3085,#3086);
#3085 = CARTESIAN_POINT('',(149.8,72.,0.));
#3086 = VECTOR('',#3087,1.);
#3087 = DIRECTION('',(0.,0.,-1.));
#3088 = ORIENTED_EDGE('',*,*,#3089,.T.);
#3089 = EDGE_CURVE('',#3082,#3050,#3090,.T.);
#3090 = LINE('',#3091,#3092);
#3091 = CARTESIAN_POINT('',(149.8,72.,-2.));
#3092 = VECTOR('',#3093,1.);
#3093 = DIRECTION('',(0.,-1.,0.));
#3094 = ORIENTED_EDGE('',*,*,#3049,.F.);
#3095 = ORIENTED_EDGE('',*,*,#890,.F.);
#3096 = PLANE('',#3097);
#3097 = AXIS2_PLACEMENT_3D('',#3098,#3099,#3100);
#3098 = CARTESIAN_POINT('',(149.8,72.,0.));
#3099 = DIRECTION('',(-1.,-0.,-0.));
#3100 = DIRECTION('',(0.,-1.,0.));
#3101 = ADVANCED_FACE('',(#3102),#3121,.T.);
#3102 = FACE_BOUND('',#3103,.F.);
#3103 = EDGE_LOOP('',(#3104,#3112,#3119,#3120));
#3104 = ORIENTED_EDGE('',*,*,#3105,.T.);
#3105 = EDGE_CURVE('',#874,#3106,#3108,.T.);
#3106 = VERTEX_POINT('',#3107);
#3107 = CARTESIAN_POINT('',(147.8,72.,-2.));
#3108 = LINE('',#3109,#3110);
#3109 = CARTESIAN_POINT('',(147.8,72.,0.));
#3110 = VECTOR('',#3111,1.);
#3111 = DIRECTION('',(0.,0.,-1.));
#3112 = ORIENTED_EDGE('',*,*,#3113,.T.);
#3113 = EDGE_CURVE('',#3106,#3082,#3114,.T.);
#3114 = CIRCLE('',#3115,1.);
#3115 = AXIS2_PLACEMENT_3D('',#3116,#3117,#3118);
#3116 = CARTESIAN_POINT('',(148.8,72.,-2.));
#3117 = DIRECTION('',(0.,0.,-1.));
#3118 = DIRECTION('',(1.,0.,0.));
#3119 = ORIENTED_EDGE('',*,*,#3081,.F.);
#3120 = ORIENTED_EDGE('',*,*,#881,.F.);
#3121 = CYLINDRICAL_SURFACE('',#3122,1.);
#3122 = AXIS2_PLACEMENT_3D('',#3123,#3124,#3125);
#3123 = CARTESIAN_POINT('',(148.8,72.,0.));
#3124 = DIRECTION('',(0.,0.,1.));
#3125 = DIRECTION('',(1.,0.,0.));
#3126 = ADVANCED_FACE('',(#3127),#3138,.F.);
#3127 = FACE_BOUND('',#3128,.F.);
#3128 = EDGE_LOOP('',(#3129,#3130,#3136,#3137));
#3129 = ORIENTED_EDGE('',*,*,#3066,.T.);
#3130 = ORIENTED_EDGE('',*,*,#3131,.T.);
#3131 = EDGE_CURVE('',#3058,#3106,#3132,.T.);
#3132 = LINE('',#3133,#3134);
#3133 = CARTESIAN_POINT('',(147.8,12.,-2.));
#3134 = VECTOR('',#3135,1.);
#3135 = DIRECTION('',(0.,1.,0.));
#3136 = ORIENTED_EDGE('',*,*,#3105,.F.);
#3137 = ORIENTED_EDGE('',*,*,#873,.F.);
#3138 = PLANE('',#3139);
#3139 = AXIS2_PLACEMENT_3D('',#3140,#3141,#3142);
#3140 = CARTESIAN_POINT('',(147.8,12.,0.));
#3141 = DIRECTION('',(1.,0.,0.));
#3142 = DIRECTION('',(0.,1.,0.));
#3143 = ADVANCED_FACE('',(#3144),#3155,.F.);
#3144 = FACE_BOUND('',#3145,.F.);
#3145 = EDGE_LOOP('',(#3146,#3147,#3153,#3154));
#3146 = ORIENTED_EDGE('',*,*,#1611,.F.);
#3147 = ORIENTED_EDGE('',*,*,#3148,.T.);
#3148 = EDGE_CURVE('',#1612,#899,#3149,.T.);
#3149 = LINE('',#3150,#3151);
#3150 = CARTESIAN_POINT('',(136.8,56.,3.));
#3151 = VECTOR('',#3152,1.);
#3152 = DIRECTION('',(-0.,-0.,-1.));
#3153 = ORIENTED_EDGE('',*,*,#898,.T.);
#3154 = ORIENTED_EDGE('',*,*,#3148,.F.);
#3155 = CYLINDRICAL_SURFACE('',#3156,4.8);
#3156 = AXIS2_PLACEMENT_3D('',#3157,#3158,#3159);
#3157 = CARTESIAN_POINT('',(132.,56.,3.));
#3158 = DIRECTION('',(0.,0.,1.));
#3159 = DIRECTION('',(1.,0.,0.));
#3160 = ADVANCED_FACE('',(#3161),#3172,.F.);
#3161 = FACE_BOUND('',#3162,.F.);
#3162 = EDGE_LOOP('',(#3163,#3164,#3170,#3171));
#3163 = ORIENTED_EDGE('',*,*,#1622,.F.);
#3164 = ORIENTED_EDGE('',*,*,#3165,.T.);
#3165 = EDGE_CURVE('',#1623,#910,#3166,.T.);
#3166 = LINE('',#3167,#3168);
#3167 = CARTESIAN_POINT('',(143.1,56.,3.));
#3168 = VECTOR('',#3169,1.);
#3169 = DIRECTION('',(-0.,-0.,-1.));
#3170 = ORIENTED_EDGE('',*,*,#909,.T.);
#3171 = ORIENTED_EDGE('',*,*,#3165,.F.);
#3172 = CYLINDRICAL_SURFACE('',#3173,1.6);
#3173 = AXIS2_PLACEMENT_3D('',#3174,#3175,#3176);
#3174 = CARTESIAN_POINT('',(141.5,56.,3.));
#3175 = DIRECTION('',(0.,0.,1.));
#3176 = DIRECTION('',(1.,0.,0.));
#3177 = ADVANCED_FACE('',(#3178),#3189,.F.);
#3178 = FACE_BOUND('',#3179,.F.);
#3179 = EDGE_LOOP('',(#3180,#3181,#3187,#3188));
#3180 = ORIENTED_EDGE('',*,*,#1633,.F.);
#3181 = ORIENTED_EDGE('',*,*,#3182,.T.);
#3182 = EDGE_CURVE('',#1634,#921,#3183,.T.);
#3183 = LINE('',#3184,#3185);
#3184 = CARTESIAN_POINT('',(116.6,71.,3.));
#3185 = VECTOR('',#3186,1.);
#3186 = DIRECTION('',(-0.,-0.,-1.));
#3187 = ORIENTED_EDGE('',*,*,#920,.T.);
#3188 = ORIENTED_EDGE('',*,*,#3182,.F.);
#3189 = CYLINDRICAL_SURFACE('',#3190,1.6);
#3190 = AXIS2_PLACEMENT_3D('',#3191,#3192,#3193);
#3191 = CARTESIAN_POINT('',(115.,71.,3.));
#3192 = DIRECTION('',(0.,0.,1.));
#3193 = DIRECTION('',(1.,0.,0.));
#3194 = ADVANCED_FACE('',(#3195),#3214,.F.);
#3195 = FACE_BOUND('',#3196,.T.);
#3196 = EDGE_LOOP('',(#3197,#3205,#3212,#3213));
#3197 = ORIENTED_EDGE('',*,*,#3198,.F.);
#3198 = EDGE_CURVE('',#3199,#932,#3201,.T.);
#3199 = VERTEX_POINT('',#3200);
#3200 = CARTESIAN_POINT('',(148.7,79.,1.3));
#3201 = LINE('',#3202,#3203);
#3202 = CARTESIAN_POINT('',(148.7,79.,1.3));
#3203 = VECTOR('',#3204,1.);
#3204 = DIRECTION('',(-6.670867959121E-17,0.,-1.));
#3205 = ORIENTED_EDGE('',*,*,#3206,.T.);
#3206 = EDGE_CURVE('',#3199,#3199,#3207,.T.);
#3207 = CIRCLE('',#3208,1.7);
#3208 = AXIS2_PLACEMENT_3D('',#3209,#3210,#3211);
#3209 = CARTESIAN_POINT('',(147.,79.,1.3));
#3210 = DIRECTION('',(0.,0.,1.));
#3211 = DIRECTION('',(1.,0.,0.));
#3212 = ORIENTED_EDGE('',*,*,#3198,.T.);
#3213 = ORIENTED_EDGE('',*,*,#931,.T.);
#3214 = CYLINDRICAL_SURFACE('',#3215,1.7);
#3215 = AXIS2_PLACEMENT_3D('',#3216,#3217,#3218);
#3216 = CARTESIAN_POINT('',(147.,79.,1.3));
#3217 = DIRECTION('',(-0.,-0.,-1.));
#3218 = DIRECTION('',(1.,0.,0.));
#3219 = ADVANCED_FACE('',(#3220),#3231,.F.);
#3220 = FACE_BOUND('',#3221,.T.);
#3221 = EDGE_LOOP('',(#3222,#3228,#3229,#3230));
#3222 = ORIENTED_EDGE('',*,*,#3223,.F.);
#3223 = EDGE_CURVE('',#994,#1742,#3224,.T.);
#3224 = LINE('',#3225,#3226);
#3225 = CARTESIAN_POINT('',(8.4,5.,3.));
#3226 = VECTOR('',#3227,1.);
#3227 = DIRECTION('',(-0.707106781187,0.,-0.707106781187));
#3228 = ORIENTED_EDGE('',*,*,#993,.T.);
#3229 = ORIENTED_EDGE('',*,*,#3223,.T.);
#3230 = ORIENTED_EDGE('',*,*,#1749,.F.);
#3231 = CONICAL_SURFACE('',#3232,3.4,0.785398163397);
#3232 = AXIS2_PLACEMENT_3D('',#3233,#3234,#3235);
#3233 = CARTESIAN_POINT('',(5.,5.,3.));
#3234 = DIRECTION('',(0.,0.,1.));
#3235 = DIRECTION('',(1.,0.,0.));
#3236 = ADVANCED_FACE('',(#3237),#3248,.F.);
#3237 = FACE_BOUND('',#3238,.T.);
#3238 = EDGE_LOOP('',(#3239,#3245,#3246,#3247));
#3239 = ORIENTED_EDGE('',*,*,#3240,.F.);
#3240 = EDGE_CURVE('',#1329,#2443,#3241,.T.);
#3241 = LINE('',#3242,#3243);
#3242 = CARTESIAN_POINT('',(150.4,5.,3.));
#3243 = VECTOR('',#3244,1.);
#3244 = DIRECTION('',(-0.707106781187,0.,-0.707106781187));
#3245 = ORIENTED_EDGE('',*,*,#1328,.T.);
#3246 = ORIENTED_EDGE('',*,*,#3240,.T.);
#3247 = ORIENTED_EDGE('',*,*,#2450,.F.);
#3248 = CONICAL_SURFACE('',#3249,3.4,0.785398163397);
#3249 = AXIS2_PLACEMENT_3D('',#3250,#3251,#3252);
#3250 = CARTESIAN_POINT('',(147.,5.,3.));
#3251 = DIRECTION('',(0.,0.,1.));
#3252 = DIRECTION('',(1.,0.,0.));
#3253 = ADVANCED_FACE('',(#3254),#3265,.F.);
#3254 = FACE_BOUND('',#3255,.T.);
#3255 = EDGE_LOOP('',(#3256,#3262,#3263,#3264));
#3256 = ORIENTED_EDGE('',*,*,#3257,.F.);
#3257 = EDGE_CURVE('',#1498,#2957,#3258,.T.);
#3258 = LINE('',#3259,#3260);
#3259 = CARTESIAN_POINT('',(8.4,79.,3.));
#3260 = VECTOR('',#3261,1.);
#3261 = DIRECTION('',(-0.707106781187,0.,-0.707106781187));
#3262 = ORIENTED_EDGE('',*,*,#1497,.T.);
#3263 = ORIENTED_EDGE('',*,*,#3257,.T.);
#3264 = ORIENTED_EDGE('',*,*,#2964,.F.);
#3265 = CONICAL_SURFACE('',#3266,3.4,0.785398163397);
#3266 = AXIS2_PLACEMENT_3D('',#3267,#3268,#3269);
#3267 = CARTESIAN_POINT('',(5.,79.,3.));
#3268 = DIRECTION('',(0.,0.,1.));
#3269 = DIRECTION('',(1.,0.,0.));
#3270 = ADVANCED_FACE('',(#3271),#3282,.F.);
#3271 = FACE_BOUND('',#3272,.T.);
#3272 = EDGE_LOOP('',(#3273,#3279,#3280,#3281));
#3273 = ORIENTED_EDGE('',*,*,#3274,.F.);
#3274 = EDGE_CURVE('',#1645,#3199,#3275,.T.);
#3275 = LINE('',#3276,#3277);
#3276 = CARTESIAN_POINT('',(150.4,79.,3.));
#3277 = VECTOR('',#3278,1.);
#3278 = DIRECTION('',(-0.707106781187,0.,-0.707106781187));
#3279 = ORIENTED_EDGE('',*,*,#1644,.T.);
#3280 = ORIENTED_EDGE('',*,*,#3274,.T.);
#3281 = ORIENTED_EDGE('',*,*,#3206,.F.);
#3282 = CONICAL_SURFACE('',#3283,3.4,0.785398163397);
#3283 = AXIS2_PLACEMENT_3D('',#3284,#3285,#3286);
#3284 = CARTESIAN_POINT('',(147.,79.,3.));
#3285 = DIRECTION('',(0.,0.,1.));
#3286 = DIRECTION('',(1.,0.,0.));
#3287 = ADVANCED_FACE('',(#3288),#3294,.F.);
#3288 = FACE_BOUND('',#3289,.T.);
#3289 = EDGE_LOOP('',(#3290,#3291,#3292,#3293));
#3290 = ORIENTED_EDGE('',*,*,#2222,.T.);
#3291 = ORIENTED_EDGE('',*,*,#2204,.T.);
#3292 = ORIENTED_EDGE('',*,*,#2180,.T.);
#3293 = ORIENTED_EDGE('',*,*,#2148,.T.);
#3294 = PLANE('',#3295);
#3295 = AXIS2_PLACEMENT_3D('',#3296,#3297,#3298);
#3296 = CARTESIAN_POINT('',(76.,26.591387559809,-2.));
#3297 = DIRECTION('',(0.,0.,1.));
#3298 = DIRECTION('',(1.,0.,0.));
#3299 = ADVANCED_FACE('',(#3300),#3306,.F.);
#3300 = FACE_BOUND('',#3301,.T.);
#3301 = EDGE_LOOP('',(#3302,#3303,#3304,#3305));
#3302 = ORIENTED_EDGE('',*,*,#2617,.T.);
#3303 = ORIENTED_EDGE('',*,*,#2599,.T.);
#3304 = ORIENTED_EDGE('',*,*,#2575,.T.);
#3305 = ORIENTED_EDGE('',*,*,#2543,.T.);
#3306 = PLANE('',#3307);
#3307 = AXIS2_PLACEMENT_3D('',#3308,#3309,#3310);
#3308 = CARTESIAN_POINT('',(76.,26.591387559809,-2.));
#3309 = DIRECTION('',(0.,0.,1.));
#3310 = DIRECTION('',(1.,0.,0.));
#3311 = ADVANCED_FACE('',(#3312),#3318,.F.);
#3312 = FACE_BOUND('',#3313,.T.);
#3313 = EDGE_LOOP('',(#3314,#3315,#3316,#3317));
#3314 = ORIENTED_EDGE('',*,*,#3131,.T.);
#3315 = ORIENTED_EDGE('',*,*,#3113,.T.);
#3316 = ORIENTED_EDGE('',*,*,#3089,.T.);
#3317 = ORIENTED_EDGE('',*,*,#3057,.T.);
#3318 = PLANE('',#3319);
#3319 = AXIS2_PLACEMENT_3D('',#3320,#3321,#3322);
#3320 = CARTESIAN_POINT('',(76.,26.591387559809,-2.));
#3321 = DIRECTION('',(0.,0.,1.));
#3322 = DIRECTION('',(1.,0.,0.));
#3323 = ( GEOMETRIC_REPRESENTATION_CONTEXT(3) 
GLOBAL_UNCERTAINTY_ASSIGNED_CONTEXT((#3327)) 
GLOBAL_UNIT_ASSIGNED_CONTEXT((#3324,#3325,#3326)) REPRESENTATION_CONTEXT
('Context #1','3D Context with UNIT and UNCERTAINTY') );
#3324 = ( LENGTH_UNIT() NAMED_UNIT(*) SI_UNIT(.MILLI.,.METRE.) );
#3325 = ( NAMED_UNIT(*) PLANE_ANGLE_UNIT() SI_UNIT($,.RADIAN.) );
#3326 = ( NAMED_UNIT(*) SI_UNIT($,.STERADIAN.) SOLID_ANGLE_UNIT() );
#3327 = UNCERTAINTY_MEASURE_WITH_UNIT(LENGTH_MEASURE(2.E-05),#3324,
  'distance_accuracy_value','confusion accuracy');
#3328 = PRODUCT_RELATED_PRODUCT_CATEGORY('part',$,(#7));
#3329 = MECHANICAL_DESIGN_GEOMETRIC_PRESENTATION_REPRESENTATION('',(
    #3330),#3323);
#3330 = STYLED_ITEM('color',(#3331),#15);
#3331 = PRESENTATION_STYLE_ASSIGNMENT((#3332,#3340));
#3332 = SURFACE_STYLE_USAGE(.BOTH.,#3333);
#3333 = SURFACE_SIDE_STYLE('',(#3334,#3338));
#3334 = SURFACE_STYLE_FILL_AREA(#3335);
#3335 = FILL_AREA_STYLE('',(#3336));
#3336 = FILL_AREA_STYLE_COLOUR('',#3337);
#3337 = COLOUR_RGB('',0.678431390124,0.709803936702,0.741176476869);
#3338 = SURFACE_STYLE_RENDERING_WITH_PROPERTIES(.NORMAL_SHADING.,#3337,(
    #3339));
#3339 = SURFACE_STYLE_TRANSPARENT(0.800000011921);
#3340 = CURVE_STYLE('',#3341,POSITIVE_LENGTH_MEASURE(0.1),#3342);
#3341 = DRAUGHTING_PRE_DEFINED_CURVE_FONT('continuous');
#3342 = COLOUR_RGB('',9.803921802644E-02,9.803921802644E-02,
  9.803921802644E-02);
ENDSEC;
END-ISO-10303-21;
